Position,Cost,Asset
0.0000,0.0000,0.0000
0.0000,0.0000,0.0000
19.8255,1000.0000,1000.0000
19.8255,1000.0000,1011.1023
19.8255,1000.0000,1020.2220
19.8255,1000.0000,1018.6360
19.8255,1000.0000,1022.2046
39.0711,2000.0000,2030.1348
39.0711,2000.0000,2036.7769
39.0711,2000.0000,2046.1540
39.0711,2000.0000,2032.4791
39.0711,2000.0000,2043.0283
58.0033,3000.0000,3063.7360
58.0033,3000.0000,3063.7360
58.0033,3000.0000,3074.7566
58.0033,3000.0000,3071.8564
58.0033,3000.0000,3085.7772
58.0033,3000.0000,3037.0544
58.0033,3000.0000,2990.0717
58.0033,3000.0000,2971.5107
58.0033,3000.0000,2997.6122
77.1165,4000.0000,4034.7343
77.1165,4000.0000,4043.9883
77.1165,4000.0000,3959.9313
77.1165,4000.0000,4020.0822
77.1165,4000.0000,4060.1827
96.1243,5000.0000,5057.0981
96.1243,5000.0000,4962.8963
96.1243,5000.0000,4970.5862
96.1243,5000.0000,4899.4543
96.1243,5000.0000,4849.4696
115.8171,6000.0000,5881.1907
115.8171,6000.0000,5720.2049
115.8171,6000.0000,5760.7409
115.8171,6000.0000,5758.4246
115.8171,6000.0000,5788.5370
135.8011,7000.0000,6795.4860
135.8011,7000.0000,6832.1523
135.8011,7000.0000,6784.6219
135.8011,7000.0000,6900.0529
135.8011,7000.0000,6991.0396
155.1547,8000.0000,8016.8418
155.1547,8000.0000,7920.6459
155.1547,8000.0000,8055.6305
155.1547,8000.0000,8040.1150
155.1547,8000.0000,8105.2800
174.3301,9000.0000,9091.3160
174.3301,9000.0000,9019.8407
174.3301,9000.0000,9082.5995
174.3301,9000.0000,9032.0438
174.3301,9000.0000,9070.3964
193.6538,10000.0000,10021.5840
193.6538,10000.0000,9903.4552
193.6538,10000.0000,9953.8052
193.6538,10000.0000,9895.7090
193.6538,10000.0000,9909.2648
213.3543,11000.0000,10829.8667
213.3543,11000.0000,10891.7395
213.3543,11000.0000,11124.2957
213.3543,11000.0000,11286.4450
232.2758,12000.0000,12275.7773
232.2758,12000.0000,12329.2007
232.2758,12000.0000,12389.5925
232.2758,12000.0000,12412.8200
232.2758,12000.0000,12408.1745
250.9465,13000.0000,13440.6931
250.9465,13000.0000,13387.9944
250.9465,13000.0000,13337.8051
250.9465,13000.0000,13244.9549
250.9465,13000.0000,13370.4281
269.8108,14000.0000,14302.6726
269.8108,14000.0000,14375.5215
269.8108,14000.0000,14432.1818
269.8108,14000.0000,14305.3707
269.8108,14000.0000,14402.5026
288.8150,15000.0000,15197.4464
288.8150,15000.0000,14925.9602
288.8150,15000.0000,15027.0455
288.8150,15000.0000,15220.5516
288.8150,15000.0000,15200.3345
308.2061,16000.0000,15894.1906
308.2061,16000.0000,15918.8471
308.2061,16000.0000,15761.6619
308.2061,16000.0000,15795.5646
308.2061,16000.0000,15968.1601
308.2061,16000.0000,16171.5761
308.2061,16000.0000,16242.4635
308.2061,16000.0000,15955.8318
308.2061,16000.0000,15777.0723
327.8564,17000.0000,16684.6104
327.8564,17000.0000,16628.8748
327.8564,17000.0000,16520.6822
327.8564,17000.0000,16441.9967
327.8564,17000.0000,16389.5397
348.0666,18000.0000,17222.3329
348.0666,18000.0000,17347.6369
348.0666,18000.0000,17267.5816
348.0666,18000.0000,17114.4323
348.0666,18000.0000,17177.0843
368.6173,19000.0000,17936.9184
368.6173,19000.0000,18143.3441
368.6173,19000.0000,18390.3177
368.6173,19000.0000,18135.9717
368.6173,19000.0000,18419.8070
388.8643,20000.0000,19206.0090
388.8643,20000.0000,19532.6550
388.8643,20000.0000,19824.3033
388.8643,20000.0000,19929.2966
388.8643,20000.0000,20135.3947
388.8643,20000.0000,20450.3748
388.8643,20000.0000,20504.8158
388.8643,20000.0000,20753.6890
388.8643,20000.0000,20699.2480
407.7358,21000.0000,21605.9206
407.7358,21000.0000,21434.6715
407.7358,21000.0000,21430.5942
407.7358,21000.0000,21418.3621
407.7358,21000.0000,21353.1244
426.8966,22000.0000,22279.7319
426.8966,22000.0000,22497.4492
426.8966,22000.0000,22920.0768
426.8966,22000.0000,22715.1664
426.8966,22000.0000,22834.6975
445.5394,23000.0000,23898.7319
445.5394,23000.0000,24023.4830
445.5394,23000.0000,23943.2859
445.5394,23000.0000,23488.8357
445.5394,23000.0000,23328.4416
464.3187,24000.0000,24724.9716
464.3187,24000.0000,24204.9346
464.3187,24000.0000,23731.3295
464.3187,24000.0000,23587.3907
464.3187,24000.0000,23048.7810
485.4425,25000.0000,22980.8480
485.4425,25000.0000,22611.9117
485.4425,25000.0000,22825.5064
485.4425,25000.0000,22718.7090
485.4425,25000.0000,23529.3980
505.9343,26000.0000,24689.5940
505.9343,26000.0000,24704.7721
505.9343,26000.0000,24770.5435
505.9343,26000.0000,23925.6332
505.9343,26000.0000,23141.4351
527.4536,27000.0000,24510.7671
527.4536,27000.0000,24189.0204
527.4536,27000.0000,24943.2790
527.4536,27000.0000,25196.4567
527.4536,27000.0000,24716.4740
547.9959,28000.0000,26676.4395
547.9959,28000.0000,27049.0767
547.9959,28000.0000,27492.9533
547.9959,28000.0000,27443.6337
547.9959,28000.0000,26638.0798
547.9959,28000.0000,25870.8855
547.9959,28000.0000,26868.2380
547.9959,28000.0000,27021.6769
547.9959,28000.0000,26851.7982
568.9558,29000.0000,27144.8835
568.9558,29000.0000,27901.5948
568.9558,29000.0000,28316.9325
568.9558,29000.0000,28880.1988
568.9558,29000.0000,29062.2647
588.6409,30000.0000,29902.9570
588.6409,30000.0000,30438.6203
588.6409,30000.0000,30309.1193
588.6409,30000.0000,28872.8355
588.6409,30000.0000,28425.4684
608.8592,31000.0000,30114.1783
608.8592,31000.0000,30826.5436
608.8592,31000.0000,30759.5691
608.8592,31000.0000,30631.7086
608.8592,31000.0000,29413.9901
630.0098,32000.0000,29786.8651
630.0098,32000.0000,28986.7526
630.0098,32000.0000,29805.7654
630.0098,32000.0000,30612.1780
630.0098,32000.0000,31147.6864
650.0178,33000.0000,32487.8917
650.0178,33000.0000,32955.9045
650.0178,33000.0000,33592.9220
650.0178,33000.0000,33371.9159
650.0178,33000.0000,34158.4375
669.0184,34000.0000,35210.4389
669.0184,34000.0000,34775.5770
669.0184,34000.0000,35063.2549
669.0184,34000.0000,34574.8715
669.0184,34000.0000,34775.5770
688.1498,35000.0000,35969.5923
688.1498,35000.0000,36465.0602
688.1498,35000.0000,36059.0518
688.1498,35000.0000,36671.5052
688.1498,35000.0000,36602.6902
706.9822,36000.0000,37540.7567
706.9822,36000.0000,36317.6774
706.9822,36000.0000,36642.8892
706.9822,36000.0000,36862.0537
706.9822,36000.0000,37151.9165
726.0335,37000.0000,38109.4975
726.0335,37000.0000,38690.3243
726.0335,37000.0000,38102.2372
726.0335,37000.0000,37855.3858
726.0335,37000.0000,37790.0428
745.1065,38000.0000,39065.9355
745.1065,38000.0000,38812.5993
745.1065,38000.0000,39080.8376
745.1065,38000.0000,38611.4205
745.1065,38000.0000,37814.1565
765.2394,39000.0000,38009.4415
765.2394,39000.0000,37695.6933
765.2394,39000.0000,37634.4742
765.2394,39000.0000,36899.8443
785.5522,40000.0000,38672.7361
785.5522,40000.0000,39041.9457
785.5522,40000.0000,39882.4866
785.5522,40000.0000,40251.6961
785.5522,40000.0000,40935.1266
804.6983,41000.0000,42029.3928
804.6983,41000.0000,41900.6411
804.6983,41000.0000,41627.0437
804.6983,41000.0000,41474.1510
804.6983,41000.0000,41144.2247
824.1991,42000.0000,42264.9294
824.1991,42000.0000,42512.1892
824.1991,42000.0000,41613.8121
824.1991,42000.0000,41465.4563
824.1991,42000.0000,41226.4386
844.1194,43000.0000,42374.7944
844.1194,43000.0000,42476.0887
844.1194,43000.0000,42779.9717
844.1194,43000.0000,42509.8535
844.1194,43000.0000,42864.3837
844.1194,43000.0000,43117.6195
844.1194,43000.0000,43261.1198
844.1194,43000.0000,42881.2661
844.1194,43000.0000,43024.7664
844.1194,43000.0000,43826.6798
844.1194,43000.0000,43750.7090
844.1194,43000.0000,43911.0917
844.1194,43000.0000,44375.3574
863.0302,44000.0000,45637.0344
863.0302,44000.0000,45844.1617
863.0302,44000.0000,45688.8162
863.0302,44000.0000,45895.9435
863.0302,44000.0000,45731.9677
863.0302,44000.0000,46206.6343
863.0302,44000.0000,46310.1979
863.0302,44000.0000,47052.4039
863.0302,44000.0000,46922.9494
881.3653,45000.0000,48069.6645
881.3653,45000.0000,47858.1368
881.3653,45000.0000,48457.4652
881.3653,45000.0000,48801.1977
881.3653,45000.0000,48316.4468
899.6669,46000.0000,49157.8010
899.6669,46000.0000,49859.5412
899.6669,46000.0000,49967.5012
899.6669,46000.0000,50246.3980
899.6669,46000.0000,50705.2281
917.3974,47000.0000,51741.2148
917.3974,47000.0000,51851.3025
917.3974,47000.0000,52007.2601
917.3974,47000.0000,52475.1327
917.3974,47000.0000,52273.3053
934.8130,48000.0000,53676.9602
934.8130,48000.0000,53648.9158
934.8130,48000.0000,54163.0629
934.8130,48000.0000,53546.0864
934.8130,48000.0000,54275.2405
934.8130,48000.0000,54153.7148
934.8130,48000.0000,54144.3667
934.8130,48000.0000,54069.5816
934.8130,48000.0000,54518.2918
952.0454,49000.0000,55247.1961
952.0454,49000.0000,55685.1370
952.0454,49000.0000,56237.3233
952.0454,49000.0000,56151.6392
952.0454,49000.0000,56313.4870
968.9516,50000.0000,57313.4870
968.9516,50000.0000,56199.1926
968.9516,50000.0000,56460.8096
968.9516,50000.0000,56964.6644
968.9516,50000.0000,57332.8660
985.8150,51000.0000,58458.8297
985.8150,51000.0000,58823.5813
985.8150,51000.0000,59651.6659
985.8150,51000.0000,59976.9848
985.8150,51000.0000,60065.7082
1002.2381,52000.0000,61026.2756
1002.2381,52000.0000,61036.2979
1002.2381,52000.0000,61477.2827
1002.2381,52000.0000,61106.4546
1002.2381,52000.0000,61417.1484
1018.4745,53000.0000,62727.8422
1018.4745,53000.0000,63440.7743
1018.4745,53000.0000,63522.2523
1018.4745,53000.0000,62921.3524
1018.4745,53000.0000,63267.6337
1034.6898,54000.0000,63809.3202
1034.6898,54000.0000,64595.6844
1034.6898,54000.0000,64036.9519
1034.6898,54000.0000,63519.6070
1051.0511,55000.0000,64240.2408
1051.0511,55000.0000,64524.0246
1051.0511,55000.0000,64072.0726
1051.0511,55000.0000,63956.4570
1051.0511,55000.0000,64334.8354
1067.5011,56000.0000,64893.3939
1067.5011,56000.0000,64124.7931
1067.5011,56000.0000,64957.4440
1067.5011,56000.0000,64743.9438
1067.5011,56000.0000,64605.1686
1084.3192,57000.0000,64473.6174
1084.3192,57000.0000,64376.0287
1084.3192,57000.0000,65471.1910
1084.3192,57000.0000,65839.8596
1084.3192,57000.0000,66512.1374
1100.6404,58000.0000,67436.2351
1100.6404,58000.0000,67084.0302
1100.6404,58000.0000,66929.9405
1100.6404,58000.0000,67491.2671
1100.6404,58000.0000,66126.4731
1117.6558,59000.0000,65684.6342
1117.6558,59000.0000,65729.3404
1117.6558,59000.0000,65136.9828
1117.6558,59000.0000,65997.5778
1117.6558,59000.0000,65338.1609
1134.8528,60000.0000,65991.6876
1134.8528,60000.0000,66116.5214
1134.8528,60000.0000,65946.2935
1134.8528,60000.0000,65299.4274
1134.8528,60000.0000,64096.4835
1152.8125,61000.0000,64188.6013
1152.8125,61000.0000,66044.6294
1152.8125,61000.0000,65226.1325
1152.8125,61000.0000,65998.5169
1152.8125,61000.0000,65537.3919
1152.8125,61000.0000,65998.5169
1152.8125,61000.0000,65618.0888
1152.8125,61000.0000,65583.5044
1152.8125,61000.0000,64200.1294
1170.8761,62000.0000,64819.7013
1170.8761,62000.0000,64913.3713
1170.8761,62000.0000,65896.9073
1170.8761,62000.0000,67606.3864
1170.8761,62000.0000,66529.1804
1188.1502,63000.0000,68782.0178
1188.1502,63000.0000,67427.5265
1188.1502,63000.0000,67736.4456
1188.1502,63000.0000,67451.2895
1188.1502,63000.0000,67902.7866
1205.5537,64000.0000,69271.1132
1205.5537,64000.0000,70561.0556
1205.5537,64000.0000,71091.4992
1205.5537,64000.0000,70934.7772
1205.5537,64000.0000,69451.9462
1222.9299,65000.0000,70379.6130
1222.9299,65000.0000,69829.2946
1222.9299,65000.0000,70306.2372
1222.9299,65000.0000,69927.1290
1222.9299,65000.0000,71015.5366
1239.9222,66000.0000,72969.4218
1239.9222,66000.0000,73130.6117
1239.9222,66000.0000,73626.5806
1239.9222,66000.0000,73403.3946
1256.9667,67000.0000,73746.2358
1256.9667,67000.0000,74085.6168
1256.9667,67000.0000,72866.3592
1256.9667,67000.0000,71986.4825
1256.9667,67000.0000,72074.4701
1274.2289,68000.0000,73816.0805
1274.2289,68000.0000,74236.5760
1274.2289,68000.0000,74007.2148
1274.2289,68000.0000,75676.4547
1274.2289,68000.0000,75956.7850
1291.5599,69000.0000,74523.0078
1291.5599,69000.0000,75207.5346
1291.5599,69000.0000,73903.0591
1291.5599,69000.0000,75052.5474
1291.5599,69000.0000,75517.5090
1308.3469,70000.0000,77938.2249
1308.3469,70000.0000,77794.3067
1308.3469,70000.0000,78212.9778
1308.3469,70000.0000,76839.2135
1308.3469,70000.0000,78396.1463
1324.9032,71000.0000,80024.1528
1324.9032,71000.0000,80554.1141
1324.9032,71000.0000,80673.3554
1324.9032,71000.0000,80832.3438
1324.9032,71000.0000,80805.8457
1341.2377,72000.0000,82110.5734
1341.2377,72000.0000,82647.0685
1341.2377,72000.0000,82311.7591
1341.2377,72000.0000,82888.4913
1341.2377,72000.0000,83746.8835
1357.2300,73000.0000,84867.5949
1357.2300,73000.0000,85288.3362
1357.2300,73000.0000,84541.8597
1357.2300,73000.0000,84691.1550
1357.2300,73000.0000,84175.4075
1373.1485,74000.0000,86261.1916
1373.1485,74000.0000,85959.0989
1373.1485,74000.0000,86027.7563
1373.1485,74000.0000,85657.0062
1373.1485,74000.0000,85780.5896
1373.1485,74000.0000,85560.8858
1373.1485,74000.0000,85602.0803
1373.1485,74000.0000,86082.6823
1373.1485,74000.0000,87249.8585
1388.9140,75000.0000,88098.8122
1388.9140,75000.0000,87209.9073
1388.9140,75000.0000,87376.5769
1388.9140,75000.0000,87390.4661
1388.9140,75000.0000,88807.1583
1404.4612,76000.0000,90334.9456
1404.4612,76000.0000,90096.1872
1404.4612,76000.0000,90391.1241
1404.4612,76000.0000,90124.2764
1404.4612,76000.0000,90924.8193
1420.1082,77000.0000,90759.1165
1420.1082,77000.0000,91213.5511
1420.1082,77000.0000,89580.4267
1420.1082,77000.0000,89182.7964
1420.1082,77000.0000,89892.8505
1435.9085,78000.0000,90878.6494
1435.9085,78000.0000,90706.3404
1435.9085,78000.0000,90821.2131
1435.9085,78000.0000,91295.0629
1435.9085,78000.0000,91941.2217
1451.7815,79000.0000,91462.2359
1451.7815,79000.0000,90910.5590
1451.7815,79000.0000,89676.5447
1451.7815,79000.0000,89908.8297
1451.7815,79000.0000,88950.6539
1468.0470,80000.0000,90255.5280
1468.0470,80000.0000,90710.6226
1468.0470,80000.0000,91385.9242
1468.0470,80000.0000,91518.0484
1468.0470,80000.0000,90637.2202
1484.6307,81000.0000,89523.2326
1484.6307,81000.0000,89300.5380
1484.6307,81000.0000,89686.5420
1484.6307,81000.0000,89478.6937
1484.6307,81000.0000,88855.1488
1484.6307,81000.0000,89018.4582
1484.6307,81000.0000,89137.2286
1484.6307,81000.0000,90235.8553
1501.3336,82000.0000,89884.8414
1501.3336,82000.0000,90620.4948
1501.3336,82000.0000,89674.6547
1501.3336,82000.0000,88743.8279
1501.3336,82000.0000,87152.4143
1518.3955,83000.0000,88993.1611
1518.3955,83000.0000,87778.4447
1518.3955,83000.0000,88279.5152
1518.3955,83000.0000,86867.4074
1518.3955,83000.0000,86594.0962
1535.6816,84000.0000,88839.1805
1535.6816,84000.0000,89944.8712
1535.6816,84000.0000,90098.4394
1535.6816,84000.0000,90697.3552
1552.4968,85000.0000,92326.9847
1552.4968,85000.0000,92932.4584
1552.4968,85000.0000,92202.7849
1552.4968,85000.0000,93941.5814
1552.4968,85000.0000,94003.6812
1568.9145,86000.0000,95562.5801
1568.9145,86000.0000,94683.9880
1568.9145,86000.0000,94432.9617
1568.9145,86000.0000,93240.5867
1568.9145,86000.0000,94605.5422
1585.7268,87000.0000,94319.0324
1585.7268,87000.0000,95508.3275
1585.7268,87000.0000,96602.4790
1585.7268,87000.0000,95698.6147
1585.7268,87000.0000,94493.4623
1602.5392,88000.0000,95319.0324
1602.5392,88000.0000,96985.6732
1602.5392,88000.0000,98251.6791
1602.5392,88000.0000,97722.8412
1602.5392,88000.0000,96040.1750
1619.1865,89000.0000,97264.5305
1619.1865,89000.0000,97394.0654
1619.1865,89000.0000,96552.0885
1619.1865,89000.0000,95580.5766
1636.1788,90000.0000,96289.1230
1636.1788,90000.0000,100854.0619
1636.1788,90000.0000,101557.6188
1636.1788,90000.0000,101083.1270
1652.4681,91000.0000,101445.0172
1652.4681,91000.0000,101725.9368
1652.4681,91000.0000,101692.8874
1652.4681,91000.0000,102618.2696
1652.4681,91000.0000,102486.0721
1668.6467,92000.0000,103139.0538
1668.6467,92000.0000,102705.2057
1668.6467,92000.0000,102838.6974
1668.6467,92000.0000,103522.8426
1668.6467,92000.0000,103305.9185
1668.6467,92000.0000,103489.4696
1668.6467,92000.0000,104140.2419
1668.6467,92000.0000,102738.5786
1668.6467,92000.0000,103072.3080
1684.8018,93000.0000,104289.2320
1684.8018,93000.0000,104373.4721
1684.8018,93000.0000,104710.4325
1684.8018,93000.0000,104255.5360
1684.8018,93000.0000,104794.6726
1700.8945,94000.0000,105693.5845
1700.8945,94000.0000,104911.1730
1700.8945,94000.0000,105642.5576
1700.8945,94000.0000,105761.6203
1700.8945,94000.0000,106271.8886
1716.8079,95000.0000,107884.2106
1716.8079,95000.0000,107712.5298
1716.8079,95000.0000,107729.6979
1716.8079,95000.0000,107300.4959
1716.8079,95000.0000,107746.8660
1716.8079,95000.0000,107643.8575
1716.8079,95000.0000,108176.0680
1716.8079,95000.0000,106150.2346
1716.8079,95000.0000,106012.8900
1732.8310,96000.0000,108145.9832
1732.8310,96000.0000,106274.5257
1732.8310,96000.0000,106534.4504
1732.8310,96000.0000,107643.4622
1732.8310,96000.0000,107036.9714
1748.9496,97000.0000,108504.8357
1748.9496,97000.0000,109991.4429
1748.9496,97000.0000,111285.6657
1748.9496,97000.0000,110813.4493
1748.9496,97000.0000,111338.1342
1764.7126,98000.0000,111953.3652
1764.7126,98000.0000,112094.5422
1764.7126,98000.0000,112165.1307
1764.7126,98000.0000,112271.0135
1764.7126,98000.0000,112323.9549
1780.6235,99000.0000,111912.1848
1780.6235,99000.0000,113033.9776
1780.6235,99000.0000,113265.4587
1780.6235,99000.0000,112232.6970
1780.6235,99000.0000,112446.3719
1796.3196,100000.0000,114443.5210
1796.3196,100000.0000,114084.2571
1796.3196,100000.0000,113491.4716
1796.3196,100000.0000,114425.5578
1811.9690,101000.0000,115784.8217
1811.9690,101000.0000,115476.7870
1811.9690,101000.0000,115893.5399
1811.9690,101000.0000,114715.7600
1811.9690,101000.0000,112994.3894
1827.8774,102000.0000,114900.3739
1827.8774,102000.0000,115759.4763
1827.8774,102000.0000,116636.8575
1827.8774,102000.0000,118208.8320
1827.8774,102000.0000,118153.9957
1843.3789,103000.0000,118916.3716
1843.3789,103000.0000,117681.3078
1843.3789,103000.0000,117533.8375
1843.3789,103000.0000,116556.8467
1843.3789,103000.0000,114860.9381
1859.1867,104000.0000,117612.1480
1859.1867,104000.0000,119080.9055
1859.1867,104000.0000,119248.2323
1859.1867,104000.0000,119805.9883
1859.1867,104000.0000,119843.1720
1874.6641,105000.0000,121122.0500
1874.6641,105000.0000,122021.8888
1874.6641,105000.0000,122771.7545
1874.6641,105000.0000,122378.0750
1874.6641,105000.0000,124908.8716
1889.6141,106000.0000,126396.2843
1889.6141,106000.0000,126868.6878
1889.6141,106000.0000,126528.5573
1889.6141,106000.0000,126963.1685
1889.6141,106000.0000,127284.4029
1904.4245,107000.0000,128586.7411
1904.4245,107000.0000,128986.6703
1904.4245,107000.0000,129386.5994
1904.4245,107000.0000,129996.0152
1904.4245,107000.0000,130414.9886
1918.9890,108000.0000,131757.7850
1918.9890,108000.0000,131738.5951
1918.9890,108000.0000,132122.3929
1918.9890,108000.0000,129646.8971
1918.9890,108000.0000,129627.7072
1918.9890,108000.0000,131949.6839
1918.9890,108000.0000,130759.9108
1918.9890,108000.0000,130702.3411
1918.9890,108000.0000,130855.8602
1933.7317,109000.0000,131165.0242
1933.7317,109000.0000,131648.4571
1933.7317,109000.0000,130256.1702
1933.7317,109000.0000,129173.2805
1933.7317,109000.0000,130159.4837
1948.4203,110000.0000,132648.4571
1948.4203,110000.0000,131128.6892
1948.4203,110000.0000,131888.5732
1948.4203,110000.0000,129433.5635
1948.4203,110000.0000,131245.5945
1963.2461,111000.0000,132420.9523
1963.2461,111000.0000,132833.2340
1963.2461,111000.0000,133775.5921
1963.2461,111000.0000,130732.5606
1963.2461,111000.0000,129063.8014
1978.6616,112000.0000,128355.7772
1978.6616,112000.0000,129384.6813
1978.6616,112000.0000,130176.1459
1978.6616,112000.0000,130928.0373
1978.6616,112000.0000,130393.7987
1993.6676,113000.0000,132858.0082
1993.6676,113000.0000,132718.4515
1993.6676,113000.0000,132359.5913
1993.6676,113000.0000,134133.9555
2008.4256,114000.0000,136090.9159
2008.4256,114000.0000,136151.1687
2008.4256,114000.0000,136211.4215
2008.4256,114000.0000,138601.4479
2008.4256,114000.0000,139947.0930
2022.7092,115000.0000,141609.8735
2022.7092,115000.0000,141893.0528
2022.7092,115000.0000,142014.4153
2022.7092,115000.0000,141933.5069
2022.7092,115000.0000,140376.0208
2037.0894,116000.0000,141659.2001
2037.0894,116000.0000,141801.7964
2037.0894,116000.0000,141883.2800
2037.0894,116000.0000,141618.4583
2037.0894,116000.0000,141272.1531
2051.4038,117000.0000,143311.0687
2051.4038,117000.0000,143844.4337
2051.4038,117000.0000,144377.7987
2051.4038,117000.0000,145362.4725
2051.4038,117000.0000,145854.8094
2065.3996,118000.0000,147572.8008
2065.3996,118000.0000,147552.1468
2065.3996,118000.0000,146436.8310
2065.3996,118000.0000,147407.5688
2065.3996,118000.0000,147077.1049
2079.5299,119000.0000,147168.3290
2079.5299,119000.0000,148270.4799
2079.5299,119000.0000,148852.7482
2079.5299,119000.0000,146690.0372
2079.5299,119000.0000,145858.2252
2093.7932,120000.0000,146795.8393
2093.7932,120000.0000,146795.8393
2093.7932,120000.0000,146712.0876
2093.7932,120000.0000,147298.3497
2093.7932,120000.0000,149161.8256
2107.8263,121000.0000,150203.7015
2107.8263,121000.0000,148390.9709
2107.8263,121000.0000,146915.4925
2107.8263,121000.0000,147632.1534
2107.8263,121000.0000,148854.6927
2107.8263,121000.0000,148960.0840
2107.8263,121000.0000,149086.5535
2107.8263,121000.0000,150266.9363
2107.8263,121000.0000,150941.4407
2121.7616,122000.0000,152257.6146
2121.7616,122000.0000,154252.0706
2121.7616,122000.0000,153106.3193
2121.7616,122000.0000,153870.1535
2121.7616,122000.0000,153891.3711
2135.4397,123000.0000,156121.9928
2135.4397,123000.0000,154733.9571
2135.4397,123000.0000,155673.5505
2135.4397,123000.0000,157787.6358
2135.4397,123000.0000,158043.8885
2148.9733,124000.0000,158787.6358
2148.9733,124000.0000,158142.9438
2148.9733,124000.0000,157928.0464
2148.9733,124000.0000,157906.5567
2148.9733,124000.0000,157562.7210
2162.6926,125000.0000,157638.6625
2162.6926,125000.0000,158936.2780
2162.6926,125000.0000,159433.6973
2162.6926,125000.0000,160277.1474
2162.6926,125000.0000,158590.2472
2176.3333,126000.0000,159546.9934
2176.3333,126000.0000,159634.0467
2176.3333,126000.0000,156913.6301
2176.3333,126000.0000,157740.6367
2176.3333,126000.0000,158959.3834
2189.9666,127000.0000,160634.0467
2189.9666,127000.0000,162648.8159
2189.9666,127000.0000,162889.7122
2189.9666,127000.0000,163240.1069
2189.9666,127000.0000,166437.4581
2203.0044,128000.0000,168970.4346
2203.0044,128000.0000,169609.3059
2203.0044,128000.0000,168375.6235
2203.0044,128000.0000,168287.5033
2203.0044,128000.0000,170490.5077
2215.9510,129000.0000,171160.0570
2215.9510,129000.0000,171758.3638
2215.9510,129000.0000,172068.5969
2215.9510,129000.0000,170849.8239
2215.9510,129000.0000,171470.2901
2228.8759,130000.0000,172448.1306
2228.8759,130000.0000,171534.2915
2228.8759,130000.0000,173094.5047
2228.8759,130000.0000,172358.9756
2228.8759,130000.0000,169728.9020
2241.9002,131000.0000,172133.0938
2241.9002,131000.0000,171595.0378
2241.9002,131000.0000,171258.7528
2241.9002,131000.0000,174016.2900
2241.9002,131000.0000,175047.5640
2254.6895,132000.0000,176294.1731
2254.6895,132000.0000,174512.9683
2254.6895,132000.0000,174580.6090
2254.6895,132000.0000,174445.3276
2254.6895,132000.0000,175753.0476
2267.4251,133000.0000,178038.2206
2267.4251,133000.0000,177879.5008
2267.4251,133000.0000,179126.5846
2267.4251,133000.0000,180713.7822
2279.9314,134000.0000,182303.3128
2279.9314,134000.0000,181414.1395
2279.9314,134000.0000,180638.9629
2279.9314,134000.0000,181710.5306
2279.9314,134000.0000,182873.2956
2292.3630,135000.0000,184397.6798
2292.3630,135000.0000,184099.6726
2292.3630,135000.0000,184237.2144
2292.3630,135000.0000,181967.7750
2292.3630,135000.0000,182288.7059
2304.9527,136000.0000,183082.3932
2304.9527,136000.0000,183197.6408
2304.9527,136000.0000,183059.3437
2304.9527,136000.0000,184649.7610
2304.9527,136000.0000,184788.0582
2317.2226,137000.0000,188853.6453
2317.2226,137000.0000,189317.0898
2317.2226,137000.0000,189711.0177
2317.2226,137000.0000,190243.9789
2329.4670,138000.0000,190247.5731
2329.4670,138000.0000,190596.9932
2329.4670,138000.0000,190596.9932
2329.4670,138000.0000,189991.3318
2341.8158,139000.0000,189640.2409
2341.8158,139000.0000,189780.7498
2341.8158,139000.0000,190694.0580
2341.8158,139000.0000,191771.2932
2341.8158,139000.0000,190904.8214
2354.0902,140000.0000,191787.7306
2354.0902,140000.0000,189857.3766
2354.0902,140000.0000,193671.0028
2354.0902,140000.0000,194259.5253
2354.0902,140000.0000,193835.7891
2354.0902,140000.0000,194565.5571
2354.0902,140000.0000,195318.8659
2354.0902,140000.0000,194706.8025
2354.0902,140000.0000,193694.5437
2366.4268,141000.0000,191822.5536
2366.4268,141000.0000,189077.4986
2366.4268,141000.0000,188225.5849
2366.4268,141000.0000,190118.7263
2366.4268,141000.0000,189172.1556
2378.8538,142000.0000,191426.3618
2378.8538,142000.0000,188333.8519
2378.8538,142000.0000,188143.5436
2378.8538,142000.0000,188833.4112
2378.8538,142000.0000,191735.6128
2391.1147,143000.0000,195019.3124
2391.1147,143000.0000,196621.3592
2391.1147,143000.0000,198821.1847
2391.1147,143000.0000,197362.6048
2391.1147,143000.0000,200208.0313
2391.1147,143000.0000,201021.0102
2391.1147,143000.0000,201284.0329
2391.1147,143000.0000,200423.2316
2391.1147,143000.0000,201857.9004
2402.9855,144000.0000,202427.4997
2402.9855,144000.0000,203316.6044
2402.9855,144000.0000,203340.6342
2402.9855,144000.0000,202643.7684
2402.9855,144000.0000,203893.3209
2414.8931,145000.0000,202802.7235
2414.8931,145000.0000,205434.9570
2414.8931,145000.0000,206135.2760
2414.8931,145000.0000,206835.5950
2414.8931,145000.0000,206835.5950
2426.6703,146000.0000,206048.5741
2426.6703,146000.0000,206825.1086
2426.6703,146000.0000,204519.7718
2426.6703,146000.0000,206994.9755
2426.6703,146000.0000,202651.2357
2438.6120,147000.0000,204209.3699
2438.6120,147000.0000,204940.9535
2438.6120,147000.0000,207233.2488
2438.6120,147000.0000,205404.2897
2438.6120,147000.0000,207794.1295
2450.5154,148000.0000,205867.7951
2450.5154,148000.0000,204397.4859
2450.5154,148000.0000,205010.1147
2450.5154,148000.0000,201089.2902
2450.5154,148000.0000,200893.2489
2462.6351,149000.0000,203192.0221
2462.6351,149000.0000,204053.9443
2462.6351,149000.0000,207501.6335
2462.6351,149000.0000,207378.5017
2462.6351,149000.0000,206885.9747
2475.0221,150000.0000,199808.5316
2475.0221,150000.0000,199387.7778
2475.0221,150000.0000,201739.0488
2475.0221,150000.0000,204560.5740
2475.0221,150000.0000,196343.5007
2487.5534,151000.0000,198506.7611
2487.5534,151000.0000,199054.0228
2487.5534,151000.0000,200720.6836
2487.5534,151000.0000,200869.9368
2499.8596,152000.0000,203138.5890
2499.8596,152000.0000,204888.4907
2499.8596,152000.0000,205813.4388
2499.8596,152000.0000,207363.3517
2499.8596,152000.0000,204713.5006
2512.1370,153000.0000,204613.5623
2512.1370,153000.0000,204915.0188
2512.1370,153000.0000,204990.3829
2512.1370,153000.0000,206824.2429
2512.1370,153000.0000,207803.9764
2524.3620,154000.0000,206492.8103
2524.3620,154000.0000,208487.0563
2524.3620,154000.0000,206543.2975
2524.3620,154000.0000,204776.2442
2524.3620,154000.0000,205205.3857
2536.5378,155000.0000,208325.8498
2536.5378,155000.0000,210684.8299
2536.5378,155000.0000,209999.9647
2536.5378,155000.0000,209492.6572
2536.5378,155000.0000,208122.9267
2548.6959,156000.0000,209630.2343
2548.6959,156000.0000,211618.2171
2548.6959,156000.0000,211337.8605
2548.6959,156000.0000,213198.4085
2548.6959,156000.0000,214115.9390
2548.6959,156000.0000,216409.7653
2548.6959,156000.0000,218066.4176
2548.6959,156000.0000,218244.8263
2548.6959,156000.0000,218907.4872
2560.3265,157000.0000,220136.8698
2560.3265,157000.0000,218933.5164
2560.3265,157000.0000,219010.3262
2560.3265,157000.0000,220572.1253
2560.3265,157000.0000,223055.6420
2571.7786,158000.0000,224567.7073
2571.7786,158000.0000,224156.2227
2571.7786,158000.0000,223950.4805
2571.7786,158000.0000,224207.6583
2571.7786,158000.0000,223616.1492
2583.3153,159000.0000,223921.7690
2583.3153,159000.0000,224335.0995
2583.3153,159000.0000,224851.7625
2583.3153,159000.0000,226220.9196
2583.3153,159000.0000,225833.4223
2594.7465,160000.0000,226988.4212
2594.7465,160000.0000,227040.3162
2594.7465,160000.0000,226313.7872
2594.7465,160000.0000,228441.4793
2594.7465,160000.0000,228104.1622
2606.0600,161000.0000,230349.6405
2606.0600,161000.0000,231600.5493
2606.0600,161000.0000,233476.9125
2606.0600,161000.0000,234493.2759
2617.1526,162000.0000,235936.3061
2617.1526,162000.0000,235046.4742
2617.1526,162000.0000,233266.8104
2617.1526,162000.0000,231356.2890
2617.1526,162000.0000,234235.1569
2628.2329,163000.0000,237198.0213
2628.2329,163000.0000,237907.6442
2628.2329,163000.0000,238433.2908
2628.2329,163000.0000,237040.3274
2628.2329,163000.0000,235752.4932
2639.2875,164000.0000,238749.9502
2639.2875,164000.0000,240069.5940
2639.2875,164000.0000,241310.0592
2639.2875,164000.0000,242418.5599
2639.2875,164000.0000,240491.8800
2650.2368,165000.0000,242046.1304
2650.2368,165000.0000,242390.6612
2650.2368,165000.0000,242788.1967
2650.2368,165000.0000,240376.4812
2650.2368,165000.0000,236984.1780
2661.4138,166000.0000,238116.6899
2661.4138,166000.0000,238276.3747
2661.4138,166000.0000,235934.3306
2661.4138,166000.0000,238329.6030
2661.4138,166000.0000,236865.8254
2672.5434,167000.0000,240128.0271
2672.5434,167000.0000,240341.8306
2672.5434,167000.0000,241491.0243
2672.5434,167000.0000,243361.8047
2672.5434,167000.0000,245713.6429
2683.3730,168000.0000,247782.6603
2683.3730,168000.0000,248963.3444
2683.3730,168000.0000,249580.5201
2683.3730,168000.0000,249902.5249
2683.3730,168000.0000,250385.5320
2694.0283,169000.0000,252834.5534
2694.0283,169000.0000,252915.3743
2694.0283,169000.0000,252861.4937
2694.0283,169000.0000,251972.4644
2694.0283,169000.0000,253130.8966
2694.0283,169000.0000,254127.6870
2694.0283,169000.0000,254935.8955
2694.0283,169000.0000,253319.4785
2694.0283,169000.0000,252888.4340
2704.6406,170000.0000,254858.2842
2704.6406,170000.0000,255291.0267
2704.6406,170000.0000,253478.9175
2704.6406,170000.0000,254155.0776
2704.6406,170000.0000,254804.1914
2715.2880,171000.0000,255019.8456
2715.2880,171000.0000,251327.0540
2715.2880,171000.0000,254422.4822
2715.2880,171000.0000,255671.5147
2715.2880,171000.0000,257870.8980
2725.8935,172000.0000,257024.5021
2725.8935,172000.0000,254189.5729
2725.8935,172000.0000,254789.2694
2725.8935,172000.0000,256452.0645
2725.8935,172000.0000,252690.3314
2736.7102,173000.0000,253008.8580
2736.7102,173000.0000,255909.7708
2736.7102,173000.0000,254842.4539
2736.7102,173000.0000,251394.1990
2736.7102,173000.0000,252954.1238
2747.4525,174000.0000,255760.3526
2747.4525,174000.0000,253232.6963
2747.4525,174000.0000,250952.3107
2747.4525,174000.0000,255348.2347
2747.4525,174000.0000,250073.1259
2758.6746,175000.0000,245825.4916
2758.6746,175000.0000,243922.0062
2758.6746,175000.0000,238790.8715
2758.6746,175000.0000,235783.9162
2758.6746,175000.0000,242515.0821
2770.0511,176000.0000,243487.4954
2770.0511,176000.0000,250218.7197
2770.0511,176000.0000,254456.8979
2770.0511,176000.0000,254900.1061
2770.0511,176000.0000,256700.6393
2780.7981,177000.0000,258753.2588
2780.7981,177000.0000,260644.2015
2780.7981,177000.0000,262479.5282
2780.7981,177000.0000,261200.3611
2780.7981,177000.0000,267290.3088
2791.2125,178000.0000,268012.2290
2791.2125,178000.0000,267509.8107
2791.2125,178000.0000,269212.4504
2791.2125,178000.0000,267453.9865
2791.2125,178000.0000,268793.7685
2801.6195,179000.0000,269207.6139
2801.6195,179000.0000,270076.1159
2801.6195,179000.0000,269795.9540
2801.6195,179000.0000,271869.1524
2801.6195,179000.0000,272429.4762
2811.8917,180000.0000,273737.6544
2811.8917,180000.0000,273793.8922
2811.8917,180000.0000,275312.3137
2811.8917,180000.0000,273175.2761
2811.8917,180000.0000,278011.7297
2822.0491,181000.0000,277830.7352
2822.0491,181000.0000,279693.2876
2822.0491,181000.0000,279947.2721
2822.0491,181000.0000,282233.1318
2832.0551,182000.0000,283035.5884
2832.0551,182000.0000,280883.2265
2832.0551,182000.0000,282157.6513
2832.0551,182000.0000,281959.4075
2832.0551,182000.0000,282554.1390
2842.1195,183000.0000,282392.9964
2842.1195,183000.0000,277817.1840
2842.1195,183000.0000,281483.5182
2842.1195,183000.0000,278357.1867
2842.1195,183000.0000,276225.5971
2852.3696,184000.0000,278277.1813
2852.3696,184000.0000,272258.6814
2852.3696,184000.0000,269777.1198
2852.3696,184000.0000,278419.7998
2852.3696,184000.0000,281386.2642
2862.4890,185000.0000,282871.1670
2862.4890,185000.0000,285075.2836
2862.4890,185000.0000,283386.4151
2862.4890,185000.0000,284102.0373
2872.5322,186000.0000,286018.0338
2872.5322,186000.0000,285414.8020
2872.5322,186000.0000,284811.5703
2872.5322,186000.0000,282800.7977
2882.8150,187000.0000,280353.7590
2882.8150,187000.0000,277845.7100
2882.8150,187000.0000,275539.4580
2882.8150,187000.0000,279604.2271
2882.8150,187000.0000,283438.3711
2893.0651,188000.0000,282247.4317
2893.0651,188000.0000,281466.3041
2893.0651,188000.0000,275882.6885
2893.0651,188000.0000,278428.5858
2893.0651,188000.0000,273192.1379
2893.0651,188000.0000,278428.5858
2893.0651,188000.0000,278139.2792
2893.0651,188000.0000,281466.3041
2893.0651,188000.0000,285545.5259
2903.1855,189000.0000,286863.7631
2903.1855,189000.0000,282363.8255
2903.1855,189000.0000,283931.5457
2903.1855,189000.0000,277776.7923
2903.1855,189000.0000,280418.6912
2913.5860,190000.0000,280141.2895
2913.5860,190000.0000,282938.3321
2913.5860,190000.0000,283462.7775
2913.5860,190000.0000,285094.3857
2913.5860,190000.0000,287279.5751
2923.8455,191000.0000,284987.2230
2923.8455,191000.0000,286770.7688
2923.8455,191000.0000,289957.7604
2923.8455,191000.0000,292559.9829
2923.8455,191000.0000,294899.0593
2923.8455,191000.0000,296594.8897
2923.8455,191000.0000,296507.1744
2923.8455,191000.0000,297091.9435
2923.8455,191000.0000,298553.8662
2933.5722,192000.0000,301600.5581
2933.5722,192000.0000,301659.2295
2933.5722,192000.0000,301835.2439
2933.5722,192000.0000,301835.2439
2933.5722,192000.0000,302950.0013
2943.2762,193000.0000,303304.6154
2943.2762,193000.0000,304540.7914
2943.2762,193000.0000,303039.7206
2943.2762,193000.0000,303657.8086
2943.2762,193000.0000,303010.2878
2953.0686,194000.0000,301567.3685
2953.0686,194000.0000,299677.4046
2953.0686,194000.0000,296665.2746
2953.0686,194000.0000,294302.8197
2953.0686,194000.0000,296163.2529
2963.0367,195000.0000,297251.8450
2963.0367,195000.0000,299177.8189
2963.0367,195000.0000,299651.9047
2963.0367,195000.0000,303711.2651
2963.0367,195000.0000,306348.3678
2972.7304,196000.0000,306666.8693
2972.7304,196000.0000,306191.2324
2972.7304,196000.0000,305596.6864
2972.7304,196000.0000,295697.4941
2972.7304,196000.0000,297064.9501
2982.6353,197000.0000,301126.8624
2982.6353,197000.0000,301902.3476
2982.6353,197000.0000,299546.0657
2982.6353,197000.0000,298263.5325
2992.6977,198000.0000,297414.2986
2992.6977,198000.0000,301454.4405
2992.6977,198000.0000,301244.9517
2992.6977,198000.0000,303369.7670
2992.6977,198000.0000,305315.0205
3002.4491,199000.0000,307901.1503
3002.4491,199000.0000,306580.0727
3002.4491,199000.0000,306820.2687
3002.4491,199000.0000,307090.4891
3002.4491,199000.0000,304568.4319
3012.3188,200000.0000,305208.1380
3012.3188,200000.0000,310027.8480
3012.3188,200000.0000,310359.2031
3012.3188,200000.0000,310208.5872
3012.3188,200000.0000,315721.1305
3021.7956,201000.0000,318859.8768
3021.7956,201000.0000,317077.0174
3021.7956,201000.0000,314478.2731
3021.7956,201000.0000,312453.6701
3021.7956,201000.0000,310519.7208
3031.4073,202000.0000,315387.6193
3031.4073,202000.0000,313659.7171
3031.4073,202000.0000,310325.1690
3031.4073,202000.0000,307536.2743
3031.4073,202000.0000,312689.6668
3041.0757,203000.0000,314538.4608
3041.0757,203000.0000,311284.5098
3041.0757,203000.0000,313078.7445
3041.0757,203000.0000,314903.3899
3041.0757,203000.0000,317731.5903
3050.6874,204000.0000,317393.5170
3050.6874,204000.0000,319651.0257
3050.6874,204000.0000,319193.4226
3050.6874,204000.0000,318613.7919
3050.6874,204000.0000,320444.2044
3050.6874,204000.0000,319803.5600
3050.6874,204000.0000,317759.5995
3050.6874,204000.0000,321298.3969
3050.6874,204000.0000,320993.3281
3060.1913,205000.0000,321993.3281
3060.1913,205000.0000,320157.2133
3060.1913,205000.0000,321779.1147
3060.1913,205000.0000,319483.9713
3060.1913,205000.0000,318474.1081
3069.8159,206000.0000,318953.8756
3069.8159,206000.0000,315085.9075
3069.8159,206000.0000,316405.9284
3069.8159,206000.0000,320734.3689
3069.8159,206000.0000,318432.0069
3079.5578,207000.0000,316116.6057
3079.5578,207000.0000,316578.5394
3079.5578,207000.0000,319165.3679
3079.5578,207000.0000,320705.1468
3079.5578,207000.0000,324339.0250
3089.0347,208000.0000,325954.9365
3089.0347,208000.0000,326294.7303
3089.0347,208000.0000,325831.3751
3089.0347,208000.0000,325800.4848
3089.0347,208000.0000,323823.5026
3098.7434,209000.0000,319170.5692
3098.7434,209000.0000,317497.2478
3098.7434,209000.0000,319387.4812
3098.7434,209000.0000,319697.3556
3108.5233,210000.0000,317846.5116
3108.5233,210000.0000,319462.9438
3108.5233,210000.0000,317628.9150
3108.5233,210000.0000,318530.3868
3108.5233,210000.0000,318343.8754
3118.1852,211000.0000,322732.1658
3118.1852,211000.0000,326037.4421
3118.1852,211000.0000,328344.8991
3118.1852,211000.0000,330777.0836
3118.1852,211000.0000,335391.9976
3127.4018,212000.0000,339323.0917
3127.4018,212000.0000,339886.0240
3127.4018,212000.0000,334381.7969
3127.4018,212000.0000,336039.3198
3127.4018,212000.0000,336258.2380
3136.8984,213000.0000,330315.4060
3136.8984,213000.0000,330911.4168
3136.8984,213000.0000,333013.1387
3136.8984,213000.0000,332762.1868
3136.8984,213000.0000,336181.4061
3146.2679,214000.0000,335801.1708
3146.2679,214000.0000,334542.6637
3146.2679,214000.0000,335927.0215
3146.2679,214000.0000,336933.8273
3146.2679,214000.0000,330421.0527
3155.7188,215000.0000,333906.6044
3155.7188,215000.0000,333843.4900
3155.7188,215000.0000,329015.2403
3155.7188,215000.0000,332770.5456
3155.7188,215000.0000,331129.5718
3165.2353,216000.0000,332602.9297
3165.2353,216000.0000,335736.5126
3165.2353,216000.0000,333457.5432
3165.2353,216000.0000,329184.4755
3165.2353,216000.0000,318517.6324
3176.3687,217000.0000,285301.4384
3176.3687,217000.0000,309028.9127
3176.3687,217000.0000,305693.7255
3176.3687,217000.0000,316461.6155
3176.3687,217000.0000,318145.0909
3186.3577,218000.0000,318986.2725
3186.3577,218000.0000,308917.3820
3186.3577,218000.0000,312486.1027
3186.3577,218000.0000,316819.5492
3186.3577,218000.0000,309713.9715
3186.3577,218000.0000,316246.0048
3186.3577,218000.0000,322809.9018
3186.3577,218000.0000,315098.9160
3186.3577,218000.0000,317424.9572
3196.2587,219000.0000,322822.1309
3196.2587,219000.0000,321415.7770
3196.2587,219000.0000,324516.1480
3196.2587,219000.0000,325922.5018
3196.2587,219000.0000,321383.8144
3206.1382,220000.0000,324525.3078
3206.1382,220000.0000,318786.3204
3206.1382,220000.0000,319780.2232
3206.1382,220000.0000,316061.1029
3206.1382,220000.0000,321383.2923
3216.3506,221000.0000,314945.0517
3216.3506,221000.0000,308062.0614
3216.3506,221000.0000,310056.1988
3216.3506,221000.0000,313304.7129
3216.3506,221000.0000,309798.8908
3226.3386,222000.0000,323021.0231
3226.3386,222000.0000,324472.8755
3226.3386,222000.0000,325731.1475
3226.3386,222000.0000,324408.3487
3226.3386,222000.0000,327086.2097
3236.1445,223000.0000,330022.0129
3236.1445,223000.0000,328339.2178
3236.1445,223000.0000,328080.3262
3236.1445,223000.0000,328759.9166
3236.1445,223000.0000,333646.4947
3245.8363,224000.0000,334905.3863
3245.8363,224000.0000,336658.1379
3245.8363,224000.0000,337209.9300
3245.8363,224000.0000,336430.9293
3245.8363,224000.0000,349414.2744
3255.1222,225000.0000,350544.1079
3255.1222,225000.0000,350055.8395
3255.1222,225000.0000,352236.7714
3255.1222,225000.0000,353018.0007
3255.1222,225000.0000,354222.3959
3264.3320,226000.0000,354441.1666
3264.3320,226000.0000,356758.8423
3264.3320,226000.0000,359925.2443
3264.3320,226000.0000,359076.5180
3264.3320,226000.0000,357117.9188
3273.4836,227000.0000,357693.5557
3273.4836,227000.0000,353372.5573
3273.4836,227000.0000,355303.9126
3273.4836,227000.0000,352455.9819
3273.4836,227000.0000,348986.0892
3283.0211,228000.0000,344224.7581
3283.0211,228000.0000,350134.1960
3283.0211,228000.0000,351151.9325
3283.0211,228000.0000,356634.5777
3283.0211,228000.0000,358407.4090
3292.1593,229000.0000,360260.9945
3292.1593,229000.0000,356771.3056
3292.1593,229000.0000,359306.2683
3292.1593,229000.0000,359865.9354
3301.2876,230000.0000,361656.0536
3301.2876,230000.0000,361127.8476
3301.2876,230000.0000,363537.7875
3301.2876,230000.0000,362019.1953
3301.2876,230000.0000,355977.8390
3310.3702,231000.0000,364471.7618
3310.3702,231000.0000,358777.9250
3310.3702,231000.0000,360995.8730
3310.3702,231000.0000,357917.2287
3310.3702,231000.0000,354540.6511
3319.8033,232000.0000,351932.3476
3319.8033,232000.0000,357376.8250
3319.8033,232000.0000,358671.5483
3319.8033,232000.0000,363153.2827
3319.8033,232000.0000,355185.7548
3329.2142,233000.0000,353762.2984
3329.2142,233000.0000,356225.9169
3329.2142,233000.0000,358523.0747
3329.2142,233000.0000,359322.0861
3338.5035,234000.0000,359389.9061
3338.5035,234000.0000,362227.6341
3338.5035,234000.0000,365399.2125
3338.5035,234000.0000,361159.3130
3348.0364,235000.0000,351209.0214
3348.0364,235000.0000,353117.4021
3348.0364,235000.0000,344680.3503
3348.0364,235000.0000,339993.0993
3348.0364,235000.0000,338955.2080
3357.9966,236000.0000,337142.8574
3357.9966,236000.0000,338989.7556
3357.9966,236000.0000,341071.7134
3357.9966,236000.0000,329251.5654
3357.9966,236000.0000,323845.1909
3357.9966,236000.0000,328949.3458
3357.9966,236000.0000,320151.3947
3357.9966,236000.0000,325624.9291
3357.9966,236000.0000,331098.4636
3368.0874,237000.0000,333777.4619
3368.0874,237000.0000,331386.1198
3368.0874,237000.0000,331049.3111
3368.0874,237000.0000,330072.5657
3368.0874,237000.0000,329163.1821
3378.1559,238000.0000,335518.4411
3378.1559,238000.0000,336498.1063
3378.1559,238000.0000,332951.0426
3378.1559,238000.0000,328289.1875
3378.1559,238000.0000,327951.3719
3388.9913,239000.0000,312770.0053
3388.9913,239000.0000,309652.1333
3388.9913,239000.0000,316464.0058
3388.9913,239000.0000,310058.8123
3388.9913,239000.0000,317141.8041
3388.9913,239000.0000,323106.4287
3388.9913,239000.0000,327918.7963
3388.9913,239000.0000,333985.0907
3388.9913,239000.0000,327546.0073
3399.1622,240000.0000,334205.6227
3399.1622,240000.0000,334511.5473
3399.1622,240000.0000,327067.3822
3399.1622,240000.0000,334783.4803
3399.1622,240000.0000,339950.2068
3409.2591,241000.0000,337653.0195
3409.2591,241000.0000,338130.3158
3409.2591,241000.0000,345255.6672
3409.2591,241000.0000,345460.2228
3409.2591,241000.0000,345528.4080
3419.1837,242000.0000,344516.9451
3419.1837,242000.0000,341815.7900
3419.1837,242000.0000,342602.2023
3419.1837,242000.0000,344961.4390
3419.1837,242000.0000,346671.0308
3429.0184,243000.0000,348662.5941
3429.0184,243000.0000,349314.1076
3429.0184,243000.0000,349588.4291
3429.0184,243000.0000,352537.3849
3429.0184,243000.0000,354217.6039
3438.7243,244000.0000,354291.7690
3438.7243,244000.0000,354291.7690
3438.7243,244000.0000,356698.8760
3438.7243,244000.0000,352744.3430
3448.3955,245000.0000,356564.0970
3448.3955,245000.0000,354391.6078
3448.3955,245000.0000,362909.1447
3448.3955,245000.0000,362253.9496
3448.3955,245000.0000,359805.5888
3457.8215,246000.0000,366840.2809
3457.8215,246000.0000,362621.7387
3457.8215,246000.0000,362275.9566
3457.8215,246000.0000,365733.7780
3457.8215,246000.0000,364834.7445
3467.3245,247000.0000,364866.5544
3467.3245,247000.0000,362231.3878
3467.3245,247000.0000,367813.7803
3467.3245,247000.0000,369755.4820
3467.3245,247000.0000,369408.7495
3476.7540,248000.0000,368709.7605
3476.7540,248000.0000,372464.6548
3476.7540,248000.0000,369474.6464
3476.7540,248000.0000,369578.9490
3476.7540,248000.0000,364989.6338
3486.3289,249000.0000,364112.1866
3486.3289,249000.0000,365994.8042
3486.3289,249000.0000,359719.4122
3486.3289,249000.0000,360939.6273
3486.3289,249000.0000,356198.2201
3496.1434,250000.0000,356222.0480
3496.1434,250000.0000,356117.1637
3496.1434,250000.0000,353180.4033
3496.1434,250000.0000,354334.1306
3496.1434,250000.0000,351187.6015
3505.9956,251000.0000,355858.5521
3505.9956,251000.0000,358137.4492
3505.9956,251000.0000,361187.6654
3505.9956,251000.0000,359294.4278
3505.9956,251000.0000,356559.7512
3515.8410,252000.0000,357103.9718
3515.8410,252000.0000,360725.2880
3515.8410,252000.0000,355697.6354
3515.8410,252000.0000,356400.8036
3515.8410,252000.0000,357350.0806
3525.6009,253000.0000,361233.0703
3525.6009,253000.0000,362361.2626
3525.6009,253000.0000,368954.1363
3525.6009,253000.0000,370611.1687
3525.6009,253000.0000,371563.0810
3525.6009,253000.0000,373748.9535
3525.6009,253000.0000,372797.0413
3525.6009,253000.0000,373255.3694
3525.6009,253000.0000,374066.2576
3535.0358,254000.0000,374678.4415
3535.0358,254000.0000,375562.2005
3535.0358,254000.0000,375067.2955
3535.0358,254000.0000,373511.8797
3535.0358,254000.0000,371037.3547
3544.6392,255000.0000,369103.2750
3544.6392,255000.0000,367118.2771
3544.6392,255000.0000,368996.9358
3544.6392,255000.0000,365239.6183
3544.6392,255000.0000,367366.4018
3554.2703,256000.0000,369039.8832
3554.2703,256000.0000,367582.6324
3554.2703,256000.0000,368471.2000
3554.2703,256000.0000,370212.7924
3554.2703,256000.0000,359372.2681
3564.2853,257000.0000,355893.8875
3564.2853,257000.0000,355038.4590
3564.2853,257000.0000,361668.0297
3564.2853,257000.0000,365838.2435
3564.2853,257000.0000,369259.9574
3564.2853,257000.0000,369331.2431
3564.2853,257000.0000,367263.9576
3564.2853,257000.0000,372396.5285
3564.2853,257000.0000,375141.0282
3573.6600,258000.0000,381202.3133
3573.6600,258000.0000,384418.6073
3573.6600,258000.0000,384918.9197
3573.6600,258000.0000,385633.6517
3573.6600,258000.0000,386598.5399
3582.9339,259000.0000,386347.7589
3582.9339,259000.0000,387279.3217
3582.9339,259000.0000,389321.5940
3582.9339,259000.0000,392044.6237
3582.9339,259000.0000,391113.0609
3592.0705,260000.0000,393152.1118
3592.0705,260000.0000,393367.6360
3592.0705,260000.0000,397282.9928
3592.0705,260000.0000,397318.9135
3592.0705,260000.0000,398971.2659
3601.0681,261000.0000,400222.7108
3601.0681,261000.0000,401483.0847
3601.0681,261000.0000,398710.2622
3601.0681,261000.0000,400186.7002
3601.0681,261000.0000,403535.6935
3609.9475,262000.0000,406552.2917
3609.9475,262000.0000,406191.2969
3609.9475,262000.0000,407057.6843
3609.9475,262000.0000,407165.9827
3609.9475,262000.0000,406804.9880
3618.7885,263000.0000,409321.1660
3618.7885,263000.0000,409755.4206
3618.7885,263000.0000,408380.2809
3618.7885,263000.0000,408597.4083
3618.7885,263000.0000,408380.2809
3627.6490,264000.0000,409416.4688
3627.6490,264000.0000,411919.5467
3627.6490,264000.0000,410758.6990
3627.6490,264000.0000,407348.7089
3627.6490,264000.0000,407856.5797
3636.5308,265000.0000,409437.0036
3636.5308,265000.0000,409218.8117
3636.5308,265000.0000,407909.6607
3636.5308,265000.0000,408273.3137
3636.5308,265000.0000,411218.9037
3636.5308,265000.0000,411218.9037
3636.5308,265000.0000,413437.1875
3636.5308,265000.0000,412091.6711
3636.5308,265000.0000,407473.2770
3645.6607,266000.0000,399309.2193
3645.6607,266000.0000,406709.9106
3645.6607,266000.0000,405543.2992
3645.6607,266000.0000,407147.3899
3645.6607,266000.0000,412907.5338
3654.4620,267000.0000,415219.9717
3654.4620,267000.0000,413867.8208
3654.4620,267000.0000,414927.6147
3654.4620,267000.0000,419641.8707
3654.4620,267000.0000,420190.0400
3663.2578,268000.0000,416475.7840
3663.2578,268000.0000,415047.1135
3663.2578,268000.0000,419992.5116
3663.2578,268000.0000,419443.0229
3663.2578,268000.0000,418197.5152
3671.9861,269000.0000,420699.4509
3671.9861,269000.0000,421874.4865
3671.9861,269000.0000,421213.5290
3671.9861,269000.0000,420956.4900
3671.9861,269000.0000,421654.1673
3680.6772,270000.0000,423498.7241
3680.6772,270000.0000,423645.9512
3680.6772,270000.0000,418345.7760
3680.6772,270000.0000,414738.7123
3680.6772,270000.0000,418161.7421
3689.5198,271000.0000,417247.7900
3689.5198,271000.0000,421416.9473
3689.5198,271000.0000,419867.3490
3689.5198,271000.0000,419719.7682
3689.5198,271000.0000,419978.0346
3698.2230,272000.0000,424925.8207
3698.2230,272000.0000,427514.5768
3698.2230,272000.0000,423150.6737
3698.2230,272000.0000,424851.8563
3698.2230,272000.0000,419896.2375
3707.0289,273000.0000,420970.2019
3707.0289,273000.0000,419783.9527
3707.0289,273000.0000,415595.0100
3707.0289,273000.0000,411887.9811
3707.0289,273000.0000,407513.6870
3715.9903,274000.0000,414667.3550
3715.9903,274000.0000,417342.8680
3715.9903,274000.0000,415559.1927
3715.9903,274000.0000,424477.5693
3715.9903,274000.0000,413812.6772
3724.9252,275000.0000,416893.6318
3724.9252,275000.0000,415701.6557
3724.9252,275000.0000,416334.8930
3724.9252,275000.0000,420581.3078
3724.9252,275000.0000,424343.4822
3733.7249,276000.0000,424300.5032
3733.7249,276000.0000,429341.0319
3733.7249,276000.0000,427548.8439
3733.7249,276000.0000,427735.5301
3742.4471,277000.0000,429071.5654
3742.4471,277000.0000,429034.1409
3742.4471,277000.0000,430643.3932
3742.4471,277000.0000,424767.7512
3742.4471,277000.0000,417806.7995
3751.3455,278000.0000,421576.2104
3751.3455,278000.0000,423827.0177
3751.3455,278000.0000,422776.6409
3751.3455,278000.0000,429191.4418
3751.3455,278000.0000,431367.2222
3760.0442,279000.0000,432254.6818
3760.0442,279000.0000,433495.4964
3760.0442,279000.0000,438195.5517
3760.0442,279000.0000,437330.7415
3760.0442,279000.0000,438496.3552
3768.6634,280000.0000,437240.3287
3768.6634,280000.0000,439991.4530
3768.6634,280000.0000,440481.3792
3768.6634,280000.0000,439991.4530
3768.6634,280000.0000,437994.0614
3768.6634,280000.0000,439953.7663
3768.6634,280000.0000,442214.9644
3768.6634,280000.0000,437730.2549
3768.6634,280000.0000,438069.4346
3768.6634,280000.0000,435619.8034
3768.6634,280000.0000,437051.8955
3768.6634,280000.0000,438634.7341
3768.6634,280000.0000,441913.4713
3777.1194,281000.0000,446682.1347
3777.1194,281000.0000,447966.3553
3777.1194,281000.0000,448948.4063
3777.1194,281000.0000,448381.8384
3777.1194,281000.0000,449514.9742
3777.1194,281000.0000,449666.0590
3777.1194,281000.0000,450119.3133
3777.1194,281000.0000,451025.8220
3777.1194,281000.0000,452158.9578
3785.4967,282000.0000,451874.7372
3785.4967,282000.0000,453388.9359
3785.4967,282000.0000,458423.6464
3785.4967,282000.0000,460770.6544
3785.4967,282000.0000,461603.4636
3793.7264,283000.0000,460975.7001
3793.7264,283000.0000,457295.7854
3793.7264,283000.0000,461241.2609
3793.7264,283000.0000,460330.7666
3793.7264,283000.0000,461241.2609
3801.9508,284000.0000,462279.1982
3801.9508,284000.0000,464598.3882
3801.9508,284000.0000,464674.4272
3801.9508,284000.0000,466575.4026
3801.9508,284000.0000,468818.5536
3810.0270,285000.0000,471757.5485
3810.0270,285000.0000,473167.2585
3810.0270,285000.0000,474234.0660
3810.0270,285000.0000,477663.0904
3810.0270,285000.0000,476520.0823
3810.0270,285000.0000,480215.8085
3810.0270,285000.0000,481206.4155
3810.0270,285000.0000,482578.0253
3810.0270,285000.0000,477853.5917
3817.9636,286000.0000,481063.4074
3817.9636,286000.0000,482437.8743
3817.9636,286000.0000,484155.9579
3817.9636,286000.0000,486217.6582
3817.9636,286000.0000,483545.0837
3825.8649,287000.0000,484201.4670
3825.8649,287000.0000,483742.3632
3825.8649,287000.0000,484201.4670
3825.8649,287000.0000,484622.3122
3825.8649,287000.0000,487338.6763
3833.7216,288000.0000,487956.0898
3833.7216,288000.0000,487841.0781
3833.7216,288000.0000,488799.5085
3833.7216,288000.0000,491713.1370
3833.7216,288000.0000,491061.4043
3841.5433,289000.0000,491141.3111
3841.5433,289000.0000,493599.8988
3841.5433,289000.0000,484418.6103
3841.5433,289000.0000,486915.6135
3841.5433,289000.0000,487875.9993
3849.4823,290000.0000,484880.7943
3849.4823,290000.0000,489115.2248
3849.4823,290000.0000,492464.2745
3849.4823,290000.0000,494196.5415
3849.4823,290000.0000,494504.5001
3857.2541,291000.0000,496312.8914
3857.2541,291000.0000,494152.8291
3857.2541,291000.0000,497084.3422
3857.2541,291000.0000,494847.1348
3857.2541,291000.0000,494461.4094
3865.0490,292000.0000,495847.1348
3865.0490,292000.0000,495074.1250
3865.0490,292000.0000,493334.8530
3865.0490,292000.0000,490745.2701
3872.9236,293000.0000,491822.5711
3872.9236,293000.0000,492868.2605
3872.9236,293000.0000,495889.1409
3872.9236,293000.0000,496547.5379
3872.9236,293000.0000,499142.3968
3880.6065,294000.0000,505099.7390
3880.6065,294000.0000,507234.0726
3880.6065,294000.0000,509446.0183
3880.6065,294000.0000,509756.4668
3880.6065,294000.0000,513637.0733
3888.1536,295000.0000,515180.3582
3888.1536,295000.0000,518679.6964
3888.1536,295000.0000,517746.5396
3888.1536,295000.0000,517202.1981
3888.1536,295000.0000,518757.4595
3895.6364,296000.0000,520612.8533
3895.6364,296000.0000,522249.0206
3895.6364,296000.0000,523573.5370
3895.6364,296000.0000,522171.1079
3895.6364,296000.0000,523417.7116
3903.0625,297000.0000,525586.4025
3903.0625,297000.0000,528396.6075
3903.0625,297000.0000,525000.9431
3903.0625,297000.0000,515555.5317
3903.0625,297000.0000,522112.6768
3910.5163,298000.0000,524634.8712
3910.5163,298000.0000,529444.8063
3910.5163,298000.0000,529992.2786
3910.5163,298000.0000,532846.9555
3910.5163,298000.0000,535467.0015
3910.5163,298000.0000,536053.5789
3910.5163,298000.0000,538673.6248
3910.5163,298000.0000,537656.8906
3910.5163,298000.0000,540550.6727
3917.6946,299000.0000,545774.0303
3917.6946,299000.0000,545029.6684
3917.6946,299000.0000,545029.6684
3917.6946,299000.0000,546870.9848
3917.6946,299000.0000,546870.9848
3925.1135,300000.0000,529066.0509
3925.1135,300000.0000,533697.6848
3925.1135,300000.0000,537191.0359
3925.1135,300000.0000,527339.0009
3925.1135,300000.0000,530047.3293
3932.4757,301000.0000,534148.1689
3932.4757,301000.0000,537333.4742
3932.4757,301000.0000,534895.3393
3932.4757,301000.0000,539771.6091
3932.4757,301000.0000,538159.2941
3939.7053,302000.0000,544940.0333
3939.7053,302000.0000,537297.0051
3939.7053,302000.0000,531505.6383
3939.7053,302000.0000,534933.1819
3939.7053,302000.0000,529338.8004
3947.1325,303000.0000,531441.9179
3947.1325,303000.0000,525126.5059
3947.1325,303000.0000,524573.9074
3947.1325,303000.0000,525600.1618
3954.5818,304000.0000,530863.0649
3954.5818,304000.0000,533196.2682
3954.5818,304000.0000,540037.6948
3954.5818,304000.0000,542489.5355
3954.5818,304000.0000,545455.4719
3961.8000,305000.0000,548867.7668
3961.8000,305000.0000,548154.6428
3961.8000,305000.0000,553859.6348
3961.8000,305000.0000,556870.6027
3961.8000,305000.0000,554136.9607
3968.9270,306000.0000,556880.1527
3968.9270,306000.0000,557673.9381
3968.9270,306000.0000,559459.9553
3968.9270,306000.0000,563587.6394
3968.9270,306000.0000,553069.9828
3976.0460,307000.0000,558515.1811
3976.0460,307000.0000,556447.6371
3976.0460,307000.0000,559429.6716
3976.0460,307000.0000,557879.0137
3976.0460,307000.0000,556407.8767
3983.1817,308000.0000,558203.0859
3983.1817,308000.0000,559637.0313
3983.1817,308000.0000,555136.0360
3983.1817,308000.0000,555813.1768
3983.1817,308000.0000,547767.1498
3990.3517,309000.0000,556534.3541
3990.3517,309000.0000,560684.3199
3990.3517,309000.0000,561043.4516
3990.3517,309000.0000,558449.7230
3990.3517,309000.0000,549471.4316
3997.6234,310000.0000,549753.1683
3997.6234,310000.0000,552031.8136
3997.6234,310000.0000,554630.2688
3997.6234,310000.0000,556709.0330
3997.6234,310000.0000,555949.4845
4004.8348,311000.0000,555350.4352
4004.8348,311000.0000,550624.7302
4004.8348,311000.0000,558033.6745
4004.8348,311000.0000,565722.9572
4004.8348,311000.0000,570889.1940
4004.8348,311000.0000,567685.3262
4004.8348,311000.0000,565722.9572
4004.8348,311000.0000,567044.5527
4004.8348,311000.0000,566563.9725
4011.9004,312000.0000,567804.2626
4011.9004,312000.0000,571455.0919
4011.9004,312000.0000,570251.5218
4011.9004,312000.0000,569810.2128
4011.9004,312000.0000,568526.4046
4018.9234,313000.0000,572254.4969
4018.9234,313000.0000,571892.7938
4018.9234,313000.0000,571651.6584
4018.9234,313000.0000,569682.3860
4018.9234,313000.0000,564779.2995
4026.0514,314000.0000,564814.7579
4026.0514,314000.0000,563929.0265
4026.0514,314000.0000,565499.1866
4026.0514,314000.0000,566223.8759
4026.0514,314000.0000,568518.7252
4033.0858,315000.0000,573343.4741
4033.0858,315000.0000,573746.7826
4033.0858,315000.0000,573101.4889
4033.0858,315000.0000,576852.2587
4033.0858,315000.0000,578425.1621
4040.0163,316000.0000,582933.9468
4040.0163,316000.0000,583459.1489
4040.0163,316000.0000,581681.5417
4040.0163,316000.0000,582812.7463
4040.0163,316000.0000,584994.3551
4046.9066,317000.0000,587327.5604
4046.9066,317000.0000,587691.7820
4046.9066,317000.0000,589229.6066
4046.9066,317000.0000,584454.2567
4046.9066,317000.0000,588096.4727
4053.7828,318000.0000,589541.6324
4053.7828,318000.0000,585609.4631
4053.7828,318000.0000,584312.2526
4053.7828,318000.0000,582893.4286
4053.7828,318000.0000,591163.1455
4060.5629,319000.0000,598892.4250
4060.5629,319000.0000,602628.1429
4060.5629,319000.0000,605348.7200
4060.5629,319000.0000,602059.6641
4060.5629,319000.0000,603765.1005
4067.2537,320000.0000,607891.7339
4067.2537,320000.0000,609966.0333
4067.2537,320000.0000,610454.1038
4067.2537,320000.0000,608217.1142
4067.2537,320000.0000,608623.8396
4073.9467,321000.0000,608688.3713
4073.9467,321000.0000,609625.3790
4073.9467,321000.0000,606895.8347
4073.9467,321000.0000,609747.5974
4073.9467,321000.0000,614595.5939
4080.5978,322000.0000,613517.8811
4080.5978,322000.0000,615517.3740
4080.5978,322000.0000,619802.0018
4080.5978,322000.0000,620658.9273
4087.1573,323000.0000,623087.1365
4087.1573,323000.0000,624395.0269
4087.1573,323000.0000,623863.6964
4087.1573,323000.0000,616302.4553
4087.1573,323000.0000,615035.4366
4093.7489,324000.0000,621062.6401
4093.7489,324000.0000,609968.5807
4093.7489,324000.0000,608208.2687
4093.7489,324000.0000,613202.6423
4093.7489,324000.0000,619834.5154
4100.3696,325000.0000,619319.8284
4100.3696,325000.0000,623584.2128
4100.3696,325000.0000,625511.3865
4100.3696,325000.0000,625306.3680
4100.3696,325000.0000,626208.4493
4106.8267,326000.0000,636024.2440
4106.8267,326000.0000,635942.1075
4106.8267,326000.0000,635572.4931
4106.8267,326000.0000,633560.1480
4106.8267,326000.0000,631794.2126
4106.8267,326000.0000,628508.7512
4106.8267,326000.0000,628673.0243
4106.8267,326000.0000,630726.4376
4106.8267,326000.0000,630028.2771
4106.8267,326000.0000,628796.2291
4106.8267,326000.0000,637133.0872
4106.8267,326000.0000,644936.0579
4106.8267,326000.0000,646907.3347
4113.1418,327000.0000,651316.0008
4113.1418,327000.0000,655141.2226
4113.1418,327000.0000,650986.9494
4113.1418,327000.0000,653495.9659
4113.1418,327000.0000,656251.7709
4113.1418,327000.0000,666041.0484
4113.1418,327000.0000,662915.0606
4113.1418,327000.0000,665835.3913
4113.1418,327000.0000,668961.3790
4119.2915,328000.0000,669837.9848
4119.2915,328000.0000,679353.5480
4119.2915,328000.0000,684296.6978
4119.2915,328000.0000,683102.1033
4119.2915,328000.0000,681989.8946
4125.2863,329000.0000,688139.0089
4125.2863,329000.0000,679970.9420
4125.2863,329000.0000,684426.2512
4125.2863,329000.0000,678155.8160
4125.2863,329000.0000,674938.0927
4131.5571,330000.0000,658859.4074
4131.5571,330000.0000,629525.3522
4131.5571,330000.0000,653694.9611
4131.5571,330000.0000,648984.9860
4131.5571,330000.0000,628781.6719
4138.0413,331000.0000,638168.7327
4138.0413,331000.0000,639244.6235
4138.0413,331000.0000,642430.9153
4138.0413,331000.0000,664238.3931
4138.0413,331000.0000,668376.4344
4138.0413,331000.0000,665231.5230
4138.0413,331000.0000,672183.4324
4138.0413,331000.0000,669907.5097
4138.0413,331000.0000,672307.5737
4144.0935,332000.0000,684728.5677
4144.0935,332000.0000,690778.9442
4144.0935,332000.0000,685930.3548
4144.0935,332000.0000,678015.1363
4144.0935,332000.0000,658579.3378
4150.2828,333000.0000,670561.1855
4150.2828,333000.0000,684506.1356
4150.2828,333000.0000,678820.2482
4150.2828,333000.0000,688490.4071
4150.2828,333000.0000,694342.3057
4156.1707,334000.0000,705884.0240
4156.1707,334000.0000,709167.3988
4156.1707,334000.0000,701561.6065
4156.1707,334000.0000,698278.2317
4156.1707,334000.0000,698361.3551
4162.2078,335000.0000,689428.1072
4162.2078,335000.0000,681561.5344
4162.2078,335000.0000,681728.0227
4162.2078,335000.0000,671114.3927
4162.2078,335000.0000,662956.4653
4168.5206,336000.0000,660335.3445
4168.5206,336000.0000,676259.0931
4168.5206,336000.0000,645828.8929
4168.5206,336000.0000,645537.0964
4174.9415,337000.0000,650205.3946
4174.9415,337000.0000,641521.5162
4174.9415,337000.0000,630666.6682
4174.9415,337000.0000,659766.0107
4174.9415,337000.0000,649746.1510
4181.4036,338000.0000,647072.2024
4181.4036,338000.0000,656187.6622
4181.4036,338000.0000,656145.8482
4181.4036,338000.0000,660452.6939
4181.4036,338000.0000,667686.5220
4187.6862,339000.0000,666554.0062
4187.6862,339000.0000,673714.9496
4187.6862,339000.0000,681336.5384
4187.6862,339000.0000,679284.5721
4187.6862,339000.0000,674719.9942
4193.9459,340000.0000,669982.8642
4193.9459,340000.0000,668221.4069
4193.9459,340000.0000,652116.6545
4193.9459,340000.0000,660169.0307
4193.9459,340000.0000,675267.2361
4200.2293,341000.0000,668466.4966
4200.2293,341000.0000,660402.0563
4200.2293,341000.0000,670860.6273
4200.2293,341000.0000,662418.1664
4200.2293,341000.0000,662796.1870
4206.3927,342000.0000,682487.2075
4206.3927,342000.0000,683538.8057
4206.3927,342000.0000,685515.8102
4206.3927,342000.0000,693928.5955
4206.3927,342000.0000,698050.8603
4212.4033,343000.0000,700817.5452
4212.4033,343000.0000,694878.0565
4212.4033,343000.0000,693572.2115
4212.4033,343000.0000,694793.8085
4212.4033,343000.0000,691887.2501
4218.4526,344000.0000,697352.3977
4218.4526,344000.0000,699039.7787
4218.4526,344000.0000,689632.6295
4218.4526,344000.0000,700600.6062
4218.4526,344000.0000,700516.2371
4218.4526,344000.0000,698111.7192
4218.4526,344000.0000,700727.1598
4218.4526,344000.0000,703216.0468
4218.4526,344000.0000,706253.3327
4224.3474,345000.0000,716618.2974
4224.3474,345000.0000,722912.5751
4224.3474,345000.0000,724222.1228
4224.3474,345000.0000,727812.8181
4224.3474,345000.0000,718392.5233
4230.2043,346000.0000,722265.0796
4230.2043,346000.0000,725776.1491
4230.2043,346000.0000,729710.2391
4230.2043,346000.0000,731909.9453
4230.2043,346000.0000,733136.7046
4236.0091,347000.0000,729737.2921
4236.0091,347000.0000,724654.0812
4236.0091,347000.0000,735201.7439
4236.0091,347000.0000,738929.4319
4236.0091,347000.0000,733083.7393
4241.8729,348000.0000,723408.9963
4241.8729,348000.0000,716197.8125
4241.8729,348000.0000,719548.8920
4241.8729,348000.0000,705890.0615
4241.8729,348000.0000,716240.2312
4247.8637,349000.0000,709053.4166
4247.8637,349000.0000,723241.2815
4247.8637,349000.0000,716827.0073
4247.8637,349000.0000,722731.5379
4253.6348,350000.0000,737069.8300
4253.6348,350000.0000,741238.3921
4253.6348,350000.0000,734602.7219
4253.6348,350000.0000,739919.7653
4253.6348,350000.0000,749277.7618
4259.3053,351000.0000,751128.4887
4259.3053,351000.0000,741204.3074
4259.3053,351000.0000,753811.8511
4259.3053,351000.0000,749595.1388
4259.3053,351000.0000,750787.7443
4265.0137,352000.0000,747145.1015
4265.0137,352000.0000,759513.6413
4265.0137,352000.0000,755205.9775
4265.0137,352000.0000,755035.3769
4265.0137,352000.0000,758575.3383
4270.7486,353000.0000,744690.4404
4270.7486,353000.0000,737003.0929
4270.7486,353000.0000,741444.6715
4270.7486,353000.0000,737302.0453
4270.7486,353000.0000,754086.0874
4276.4096,354000.0000,755427.7473
4276.4096,354000.0000,762526.5872
4276.4096,354000.0000,762141.7103
4276.4096,354000.0000,763638.4537
4276.4096,354000.0000,758463.9981
4282.0424,355000.0000,760190.9877
4282.0424,355000.0000,760876.1145
4282.0424,355000.0000,756636.8926
4282.0424,355000.0000,759163.2976
4282.0424,355000.0000,753896.3854
4287.6937,356000.0000,758707.4032
4287.6937,356000.0000,758621.6493
4287.6937,356000.0000,757506.8489
4287.6937,356000.0000,760722.6192
4287.6937,356000.0000,763509.6201
4293.2483,357000.0000,772913.4998
4293.2483,357000.0000,778924.0475
4293.2483,357000.0000,779353.3723
4293.2483,357000.0000,785492.7175
4293.2483,357000.0000,784634.0678
4293.2483,357000.0000,784204.7429
4293.2483,357000.0000,781843.4564
4293.2483,357000.0000,773471.6221
4293.2483,357000.0000,760677.7420
4298.8412,358000.0000,768632.8043
4298.8412,358000.0000,763775.1138
4298.8412,358000.0000,771599.0048
4298.8412,358000.0000,775296.0082
4298.8412,358000.0000,779250.9421
4304.3872,359000.0000,776124.0545
4304.3872,359000.0000,766869.6221
4304.3872,359000.0000,772680.5448
4304.3872,359000.0000,777286.2391
4304.3872,359000.0000,782623.6792
4309.9728,360000.0000,771614.4389
4309.9728,360000.0000,779070.6919
4309.9728,360000.0000,781139.4789
4309.9728,360000.0000,784199.5596
4309.9728,360000.0000,785406.3520
4315.4144,361000.0000,793043.7102
4315.4144,361000.0000,789375.6080
4315.4144,361000.0000,791576.4693
4315.4144,361000.0000,785966.4305
4315.4144,361000.0000,773883.2701
4321.0789,362000.0000,762843.2639
4321.0789,362000.0000,761417.3078
4321.0789,362000.0000,758565.3958
4321.0789,362000.0000,726719.0445
4321.0789,362000.0000,740114.3890
4326.9326,363000.0000,739169.9035
4326.9326,363000.0000,740467.9833
4326.9326,363000.0000,757732.4446
4326.9326,363000.0000,751544.9309
4326.9326,363000.0000,742847.7963
4332.7748,364000.0000,741641.0606
4332.7748,364000.0000,727082.9373
4332.7748,364000.0000,737438.2691
4332.7748,364000.0000,715427.7731
4332.7748,364000.0000,703902.5922
4338.7844,365000.0000,721973.7249
4338.7844,365000.0000,694422.4439
4338.7844,365000.0000,719457.2299
4338.7844,365000.0000,725661.6916
4338.7844,365000.0000,731866.1533
4344.7803,366000.0000,724622.4629
4344.7803,366000.0000,721928.6991
4344.7803,366000.0000,736092.6830
4344.7803,366000.0000,746693.9470
4344.7803,366000.0000,738438.8644
4350.7508,367000.0000,728707.2570
4350.7508,367000.0000,715002.3919
4350.7508,367000.0000,719309.6352
4350.7508,367000.0000,705517.7550
4350.7508,367000.0000,712174.4038
4356.8510,368000.0000,714218.5840
4356.8510,368000.0000,678535.9743
4356.8510,368000.0000,691301.5478
4356.8510,368000.0000,681629.3386
4363.1498,369000.0000,692693.6644
4363.1498,369000.0000,695093.3968
4363.1498,369000.0000,706350.3233
4363.1498,369000.0000,720792.3492
4363.1498,369000.0000,722450.3461
4369.0239,370000.0000,743782.6242
4369.0239,370000.0000,736530.0446
4369.0239,370000.0000,697645.7321
4369.0239,370000.0000,713898.5009
4375.3366,371000.0000,693097.0718
4375.3366,371000.0000,713092.3601
4375.3366,371000.0000,714229.9476
4375.3366,371000.0000,714798.7414
4375.3366,371000.0000,702241.5253
4381.6766,372000.0000,691121.8429
4381.6766,372000.0000,683629.1760
4381.6766,372000.0000,681569.7880
4381.6766,372000.0000,664218.3489
4381.6766,372000.0000,659486.1382
4388.6176,373000.0000,632268.1412
4388.6176,373000.0000,627923.4097
4388.6176,373000.0000,650831.9937
4388.6176,373000.0000,667157.6513
4395.1819,374000.0000,669562.0089
4395.1819,374000.0000,654486.5350
4395.1819,374000.0000,661474.8743
4395.1819,374000.0000,660332.1270
4401.6561,375000.0000,679879.7945
4401.6561,375000.0000,692556.5640
4401.6561,375000.0000,695153.5410
4401.6561,375000.0000,692820.6633
4401.6561,375000.0000,695989.8557
4408.0202,376000.0000,692632.2162
4408.0202,376000.0000,695541.5095
4408.0202,376000.0000,707090.5225
4408.0202,376000.0000,703520.0261
4408.0202,376000.0000,716347.3650
4408.0202,376000.0000,713217.6706
4408.0202,376000.0000,707619.4849
4408.0202,376000.0000,707222.7631
4408.0202,376000.0000,715157.1995
4414.2403,377000.0000,709677.4098
4414.2403,377000.0000,710471.9730
4414.2403,377000.0000,711354.8211
4414.2403,377000.0000,725701.1020
4414.2403,377000.0000,728437.9310
4420.2946,378000.0000,730100.0670
4420.2946,378000.0000,740045.7300
4420.2946,378000.0000,745747.9101
4420.2946,378000.0000,736863.1178
4420.2946,378000.0000,726961.6578
4426.2884,379000.0000,738481.9591
4426.2884,379000.0000,740473.7889
4426.2884,379000.0000,749282.1028
4426.2884,379000.0000,743837.7681
4426.2884,379000.0000,753088.7108
4426.2884,379000.0000,748264.0565
4426.2884,379000.0000,752557.5562
4426.2884,379000.0000,749901.7832
4426.2884,379000.0000,750787.0409
4432.1088,380000.0000,761480.6125
4432.1088,380000.0000,756605.2928
4432.1088,380000.0000,755763.1921
4432.1088,380000.0000,756383.6874
4432.1088,380000.0000,762455.6764
4437.8851,381000.0000,768286.6750
4437.8851,381000.0000,763937.5476
4437.8851,381000.0000,764691.9881
4437.8851,381000.0000,757680.1295
4437.8851,381000.0000,741881.2584
4443.7845,382000.0000,753265.9097
4443.7845,382000.0000,767752.6471
4443.7845,382000.0000,773973.9454
4443.7845,382000.0000,776284.7134
4443.7845,382000.0000,777440.0973
4449.4721,383000.0000,782306.1898
4449.4721,383000.0000,787690.0511
4449.4721,383000.0000,787156.1145
4449.4721,383000.0000,787868.0300
4449.4721,383000.0000,799125.1945
4455.1611,384000.0000,783128.2109
4455.1611,384000.0000,790568.3299
4455.1611,384000.0000,789320.8848
4455.1611,384000.0000,785088.4818
4455.1611,384000.0000,790924.7428
4460.7374,385000.0000,799944.0327
4460.7374,385000.0000,803155.7636
4460.7374,385000.0000,809891.4770
4460.7374,385000.0000,810203.7287
4460.7374,385000.0000,811988.0236
4466.2274,386000.0000,813523.3121
4466.2274,386000.0000,814148.5839
4466.2274,386000.0000,815086.4917
4466.2274,386000.0000,819776.0304
4466.2274,386000.0000,820088.6663
4471.6737,387000.0000,821044.0040
4471.6737,387000.0000,824129.4589
4471.6737,387000.0000,829495.4673
4471.6737,387000.0000,828198.6819
4477.0987,388000.0000,825263.6091
4477.0987,388000.0000,833367.1578
4477.0987,388000.0000,842545.2102
4477.0987,388000.0000,845455.3243
4477.0987,388000.0000,841246.8515
4482.4077,389000.0000,844306.3170
4482.4077,389000.0000,839151.5481
4482.4077,389000.0000,844889.0300
4482.4077,389000.0000,836417.2794
4482.4077,389000.0000,840003.2056
4487.8187,390000.0000,829393.7696
4487.8187,390000.0000,833028.9027
4487.8187,390000.0000,823065.9452
4487.8187,390000.0000,814539.0898
4487.8187,390000.0000,816334.2172
4493.4326,391000.0000,800415.1408
4493.4326,391000.0000,797000.1321
4493.4326,391000.0000,796236.2485
4493.4326,391000.0000,813176.4893
4493.4326,391000.0000,812861.9490
4499.0401,392000.0000,802313.8273
4499.0401,392000.0000,806767.8771
4499.0401,392000.0000,803753.5202
4499.0401,392000.0000,795385.3055
4499.0401,392000.0000,796600.0464
4499.0401,392000.0000,794170.5647
4499.0401,392000.0000,784047.7244
4499.0401,392000.0000,784542.6188
4499.0401,392000.0000,776489.3370
4504.8744,393000.0000,772135.4792
4504.8744,393000.0000,765693.5087
4504.8744,393000.0000,785920.3950
4504.8744,393000.0000,785605.0538
4504.8744,393000.0000,794749.9489
4510.4281,394000.0000,812147.6918
4510.4281,394000.0000,824686.6821
4510.4281,394000.0000,815079.4701
4510.4281,394000.0000,815936.4515
4510.4281,394000.0000,813185.0903
4515.9579,395000.0000,816665.8258
4515.9579,395000.0000,829491.1462
4515.9579,395000.0000,832832.9551
4515.9579,395000.0000,846471.1479
4515.9579,395000.0000,841639.0730
4521.3147,396000.0000,844039.0199
4521.3147,396000.0000,841823.5757
4521.3147,396000.0000,833413.9305
4521.3147,396000.0000,834770.3249
4521.3147,396000.0000,836985.7690
4526.6211,397000.0000,853041.7469
4526.6211,397000.0000,848017.1974
4526.6211,397000.0000,853811.2724
4526.6211,397000.0000,852226.9551
4531.9417,398000.0000,851778.4363
4531.9417,398000.0000,847291.8141
4531.9417,398000.0000,860797.0002
4531.9417,398000.0000,865419.5807
4531.9417,398000.0000,864422.5536
4537.1478,399000.0000,871495.3554
4537.1478,399000.0000,871177.7550
4537.1478,399000.0000,867774.8942
4537.1478,399000.0000,859381.1707
4537.1478,399000.0000,870406.4399
4542.4232,400000.0000,861061.7429
4542.4232,400000.0000,870691.6800
4542.4232,400000.0000,868329.6200
4542.4232,400000.0000,874779.8609
4542.4232,400000.0000,874961.5579
4547.5992,401000.0000,878596.1633
4547.5992,401000.0000,869682.8689
4547.5992,401000.0000,874912.6080
4547.5992,401000.0000,861997.4263
4547.5992,401000.0000,849809.8605
4553.1049,402000.0000,826980.4407
4553.1049,402000.0000,822336.2737
4553.1049,402000.0000,817236.7962
4553.1049,402000.0000,834402.0017
4553.1049,402000.0000,844692.0187
4558.5539,403000.0000,836585.8089
4558.5539,403000.0000,831389.0575
4558.5539,403000.0000,836676.9800
4558.5539,403000.0000,826009.9639
4558.5539,403000.0000,831480.2286
4563.9213,404000.0000,850304.1743
4563.9213,404000.0000,849437.0292
4563.9213,404000.0000,852357.9389
4563.9213,404000.0000,854046.5897
4563.9213,404000.0000,843914.6845
4569.4058,405000.0000,833139.7676
4569.4058,405000.0000,842050.1090
4569.4058,405000.0000,831768.9458
4569.4058,405000.0000,847853.2544
4569.4058,405000.0000,854844.4453
4569.4058,405000.0000,842552.7436
4569.4058,405000.0000,848081.7247
4569.4058,405000.0000,861515.7779
4569.4058,405000.0000,869192.3797
4574.6607,406000.0000,870557.9321
4574.6607,406000.0000,861362.8641
4574.6607,406000.0000,865205.5791
4574.6607,406000.0000,877008.2037
4574.6607,406000.0000,874034.6743
4579.9400,407000.0000,867532.2307
4579.9400,407000.0000,869364.2067
4579.9400,407000.0000,871608.3773
4579.9400,407000.0000,874631.1377
4579.9400,407000.0000,875776.1227
4585.2346,408000.0000,866013.2637
4585.2346,408000.0000,870598.4984
4585.2346,408000.0000,854275.0631
4585.2346,408000.0000,863628.9417
4585.2346,408000.0000,863170.4183
4590.6017,409000.0000,855320.9154
4590.6017,409000.0000,863124.9384
4590.6017,409000.0000,847195.5504
4590.6017,409000.0000,838197.9710
4590.6017,409000.0000,852107.4942
4595.9551,410000.0000,858524.4043
4595.9551,410000.0000,853009.2582
4595.9551,410000.0000,852687.5414
4595.9551,410000.0000,854020.3683
4595.9551,410000.0000,870198.1301
4601.2363,411000.0000,871244.0897
4601.2363,411000.0000,875063.1158
4601.2363,411000.0000,880446.5622
4601.2363,411000.0000,886566.2065
4601.2363,411000.0000,882010.9826
4606.4664,412000.0000,880756.3768
4606.4664,412000.0000,887343.6237
4606.4664,412000.0000,875044.3584
4606.4664,412000.0000,884810.0672
4606.4664,412000.0000,882506.8340
4611.5943,413000.0000,899307.0138
4611.5943,413000.0000,902489.0139
4611.5943,413000.0000,898753.6225
4611.5943,413000.0000,903964.7241
4611.5943,413000.0000,905624.8981
4616.6288,414000.0000,917000.9853
4616.6288,414000.0000,917693.4797
4616.6288,414000.0000,916031.4933
4616.6288,414000.0000,919586.2975
4616.6288,414000.0000,916446.9899
4621.6628,415000.0000,918093.3179
4621.6628,415000.0000,922299.0311
4621.6628,415000.0000,920958.7489
4621.6628,415000.0000,920912.5322
4621.6628,415000.0000,929277.7419
4626.6377,416000.0000,930000.4421
4626.6377,416000.0000,935737.4729
4626.6377,416000.0000,931157.1016
4626.6377,416000.0000,926946.8613
4626.6377,416000.0000,928196.0535
4631.6098,417000.0000,931509.3723
4631.6098,417000.0000,939058.8963
4631.6098,417000.0000,942717.8681
4631.6098,417000.0000,944431.5638
4636.5236,418000.0000,943578.9198
4636.5236,418000.0000,921045.4151
4636.5236,418000.0000,931292.1323
4636.5236,418000.0000,934537.6988
4636.5236,418000.0000,939869.7009
4641.4490,419000.0000,942353.3885
4641.4490,419000.0000,940218.3220
4641.4490,419000.0000,941100.1973
4641.4490,419000.0000,943003.1914
4641.4490,419000.0000,950522.3387
4646.2818,420000.0000,961408.6251
4646.2818,420000.0000,965961.9812
4646.2818,420000.0000,966101.3697
4646.2818,420000.0000,966426.6094
4646.2818,420000.0000,976648.4293
4651.0256,421000.0000,980436.1984
4651.0256,421000.0000,980436.1984
4651.0256,421000.0000,981645.4650
4651.0256,421000.0000,992203.2931
4655.7361,422000.0000,988366.2265
4655.7361,422000.0000,979240.9837
4655.7361,422000.0000,992556.3890
4655.7361,422000.0000,987435.0793
4660.4688,423000.0000,984757.0477
4660.4688,423000.0000,999297.7102
4660.4688,423000.0000,998645.2446
4660.4688,423000.0000,1014584.0478
4660.4688,423000.0000,1018825.0743
4665.0540,424000.0000,1017401.6306
4665.0540,424000.0000,1024399.2116
4665.0540,424000.0000,1021413.5770
4665.0540,424000.0000,1026405.1848
4665.0540,424000.0000,1035735.2929
4665.0540,424000.0000,1033309.4648
4665.0540,424000.0000,1040960.1534
4665.0540,424000.0000,1037834.5672
4665.0540,424000.0000,1046651.5193
4669.6742,425000.0000,1010704.2914
4669.6742,425000.0000,1019856.8529
4669.6742,425000.0000,1033959.2691
4669.6742,425000.0000,1023265.7151
4669.6742,425000.0000,1037881.7955
4674.2427,426000.0000,1023144.9933
4674.2427,426000.0000,1047684.7677
4674.2427,426000.0000,1069980.9056
4674.2427,426000.0000,1063343.4809
4674.2427,426000.0000,1065072.9507
4678.6451,427000.0000,1062754.2383
4678.6451,427000.0000,1085118.1620
4678.6451,427000.0000,1085726.3859
4678.6451,427000.0000,1082264.1885
4678.6451,427000.0000,1090171.0987
4678.6451,427000.0000,1086287.8233
4678.6451,427000.0000,1098499.0870
4678.6451,427000.0000,1100043.0399
4678.6451,427000.0000,1086802.4743
4683.1817,428000.0000,1032313.7432
4683.1817,428000.0000,1039619.5066
4683.1817,428000.0000,1009131.9937
4683.1817,428000.0000,982110.0353
4683.1817,428000.0000,925022.0503
4687.9963,429000.0000,973696.8401
4687.9963,429000.0000,1012044.6501
4687.9963,429000.0000,994370.9039
4687.9963,429000.0000,991464.3462
4687.9963,429000.0000,954054.1354
4693.1944,430000.0000,902876.7361
4693.1944,430000.0000,938498.0815
4693.1944,430000.0000,930284.9913
4693.1944,430000.0000,849749.7757
4693.1944,430000.0000,872981.0879
4698.9694,431000.0000,813673.5400
4698.9694,431000.0000,819876.1796
4698.9694,431000.0000,801832.1371
4698.9694,431000.0000,820909.9529
4698.9694,431000.0000,849150.7589
4704.8410,432000.0000,801281.4772
4704.8410,432000.0000,843436.8529
4704.8410,432000.0000,864608.6376
4704.8410,432000.0000,862020.9750
4704.8410,432000.0000,876370.7402
4710.2047,433000.0000,878170.5632
4710.2047,433000.0000,899837.5048
4710.2047,433000.0000,867242.8883
4710.2047,433000.0000,850662.9678
4710.2047,433000.0000,870869.7459
4715.4731,434000.0000,895043.9530
4715.4731,434000.0000,950875.1547
4715.4731,434000.0000,931070.1676
4715.4731,434000.0000,950780.8453
4720.4909,435000.0000,940746.6382
4720.4909,435000.0000,974781.3778
4720.4909,435000.0000,980634.7866
4720.4909,435000.0000,995740.3576
4720.4909,435000.0000,1016793.7471
4725.1946,436000.0000,1004576.3725
4725.1946,436000.0000,991582.0874
4725.1946,436000.0000,984541.5474
4725.1946,436000.0000,997205.0689
4725.1946,436000.0000,993330.4094
4729.8367,437000.0000,1018901.4213
4729.8367,437000.0000,1024246.1368
4729.8367,437000.0000,1018901.4213
4729.8367,437000.0000,1036638.3089
4729.8367,437000.0000,1010955.2956
4734.5826,438000.0000,997623.8904
4734.5826,438000.0000,1025842.0025
4734.5826,438000.0000,1035074.4385
4734.5826,438000.0000,1046484.7824
4734.5826,438000.0000,1055007.0310
4739.0729,439000.0000,1055391.5353
4739.0729,439000.0000,1074253.0454
4739.0729,439000.0000,1051458.1048
4739.0729,439000.0000,1029326.6343
4739.0729,439000.0000,1033165.2834
4743.5069,440000.0000,1069803.1116
4743.5069,440000.0000,1076254.2810
4743.5069,440000.0000,1084792.5934
4743.5069,440000.0000,1093947.5617
4743.5069,440000.0000,1079811.9112
4743.5069,440000.0000,1103007.6599
4743.5069,440000.0000,1080950.3528
4743.5069,440000.0000,1082942.6257
4743.5069,440000.0000,1088919.4444
4747.8239,441000.0000,1099785.9388
4747.8239,441000.0000,1109424.0214
4747.8239,441000.0000,1117732.7133
4747.8239,441000.0000,1118065.0610
4747.8239,441000.0000,1117542.8003
4752.0135,442000.0000,1134258.0976
4752.0135,442000.0000,1139580.3527
4752.0135,442000.0000,1160346.6516
4752.0135,442000.0000,1146660.8528
4752.0135,442000.0000,1132357.2922
4756.3309,443000.0000,1101661.3623
4756.3309,443000.0000,1155407.9014
4756.3309,443000.0000,1158309.2633
4756.3309,443000.0000,1153077.2993
4756.3309,443000.0000,1169391.5143
4760.4421,444000.0000,1157929.9273
4760.4421,444000.0000,1180304.0050
4760.4421,444000.0000,1178733.0591
4760.4421,444000.0000,1158501.1804
4760.4421,444000.0000,1167926.8556
4764.6167,445000.0000,1141316.2917
4764.6167,445000.0000,1154609.5724
4764.6167,445000.0000,1177765.6097
4764.6167,445000.0000,1203351.6015
4768.5385,446000.0000,1215929.6202
4768.5385,446000.0000,1228661.6178
4768.5385,446000.0000,1227946.3371
4768.5385,446000.0000,1246972.8055
4768.5385,446000.0000,1247258.9178
4772.2918,447000.0000,1271481.7001
4772.2918,447000.0000,1219177.3821
4772.2918,447000.0000,1247286.1807
4772.2918,447000.0000,1229103.7490
4772.2918,447000.0000,1236596.2471
4776.1437,448000.0000,1239934.6701
4776.1437,448000.0000,1279576.6630
4776.1437,448000.0000,1261045.2253
4776.1437,448000.0000,1261045.2253
4776.1437,448000.0000,1211134.5235
4780.0379,449000.0000,1227465.9448
4780.0379,449000.0000,1237265.0226
4780.0379,449000.0000,1232915.1881
4780.0379,449000.0000,1229760.3630
4780.0379,449000.0000,1268765.4727
4783.7760,450000.0000,1279755.7520
4783.7760,450000.0000,1283821.9616
4783.7760,450000.0000,1293485.1891
4783.7760,450000.0000,1293341.6758
4783.7760,450000.0000,1308745.4345
4787.4622,451000.0000,1298742.7497
4787.4622,451000.0000,1286008.1002
4787.4622,451000.0000,1277965.1637
4787.4622,451000.0000,1303003.5911
4787.4622,451000.0000,1305205.8237
4791.1195,452000.0000,1310035.7935
4791.1195,452000.0000,1321965.6809
4791.1195,452000.0000,1329200.2713
4791.1195,452000.0000,1316503.8048
4791.1195,452000.0000,1339692.8229
4794.6316,453000.0000,1365175.4434
4794.6316,453000.0000,1353620.3813
4794.6316,453000.0000,1374285.2433
4794.6316,453000.0000,1402142.0527
4794.6316,453000.0000,1399073.4885
4798.0499,454000.0000,1403621.5158
4798.0499,454000.0000,1425404.6624
4798.0499,454000.0000,1452513.6442
4798.0499,454000.0000,1427707.7263
4798.0499,454000.0000,1367636.1416
4798.0499,454000.0000,1303774.0976
4798.0499,454000.0000,1320135.4477
4798.0499,454000.0000,1345517.1316
4798.0499,454000.0000,1312986.3533
4801.7014,455000.0000,1314993.9438
4801.7014,455000.0000,1337417.8893
4801.7014,455000.0000,1341451.3185
4801.7014,455000.0000,1282390.3914
4801.7014,455000.0000,1302701.5883
4805.5182,456000.0000,1259045.7653
4805.5182,456000.0000,1295087.1517
4805.5182,456000.0000,1305467.0710
4805.5182,456000.0000,1253855.8056
4805.5182,456000.0000,1275528.6927
4809.1403,457000.0000,1327707.4614
4809.1403,457000.0000,1327899.8270
4809.1403,457000.0000,1325639.5310
4809.1403,457000.0000,1352714.9911
4809.1403,457000.0000,1325014.3428
4812.7656,458000.0000,1327553.2677
4812.7656,458000.0000,1342472.8411
4812.7656,458000.0000,1335013.0544
4812.7656,458000.0000,1356670.4997
4812.7656,458000.0000,1360087.5633
4816.2137,459000.0000,1396798.2841
4816.2137,459000.0000,1424876.8098
4816.2137,459000.0000,1419964.2718
4816.2137,459000.0000,1380712.1305
4816.2137,459000.0000,1402818.5512
4819.6624,460000.0000,1397509.3113
4819.6624,460000.0000,1369025.1065
4819.6624,460000.0000,1369507.0727
4819.6624,460000.0000,1371338.5445
4819.6624,460000.0000,1369989.0390
4823.2101,461000.0000,1359518.2425
4823.2101,461000.0000,1355273.8175
4823.2101,461000.0000,1338489.0462
4823.2101,461000.0000,1314372.9955
4823.2101,461000.0000,1320787.8650
4826.8953,462000.0000,1309826.3039
4826.8953,462000.0000,1310357.2624
4826.8953,462000.0000,1366397.5166
4826.8953,462000.0000,1414280.3178
4826.8953,462000.0000,1415149.1589
4830.2610,463000.0000,1435118.8574
4830.2610,463000.0000,1374933.8049
4830.2610,463000.0000,1379087.8293
4830.2610,463000.0000,1401886.6615
4830.2610,463000.0000,1399085.1100
4833.7082,464000.0000,1402210.4249
4833.7082,464000.0000,1415648.1338
4833.7082,464000.0000,1407430.8298
4833.7082,464000.0000,1397038.3571
4833.7082,464000.0000,1410379.3918
4837.1461,465000.0000,1407029.0544
4837.1461,465000.0000,1407416.0261
4837.1461,465000.0000,1427151.5821
4837.1461,465000.0000,1440356.9910
4840.4928,466000.0000,1446339.2514
4840.4928,466000.0000,1459021.3426
4840.4928,466000.0000,1460376.6806
4840.4928,466000.0000,1469670.4268
4840.4928,466000.0000,1470444.9056
4843.7698,467000.0000,1478124.7857
4843.7698,467000.0000,1483162.3063
4843.7698,467000.0000,1489507.6447
4843.7698,467000.0000,1446688.7198
4843.7698,467000.0000,1454438.7515
4847.0752,468000.0000,1466385.6712
4847.0752,468000.0000,1482332.5487
4847.0752,468000.0000,1488730.6880
4847.0752,468000.0000,1502932.6185
4847.0752,468000.0000,1507925.1060
4850.3383,469000.0000,1486434.6769
4850.3383,469000.0000,1502877.3237
4850.3383,469000.0000,1502683.3102
4850.3383,469000.0000,1496183.8569
4853.5409,470000.0000,1515518.1357
4853.5409,470000.0000,1524254.5092
4853.5409,470000.0000,1524788.3987
4853.5409,470000.0000,1518527.3310
4856.7144,471000.0000,1530399.2625
4856.7144,471000.0000,1497276.4706
4856.7144,471000.0000,1491011.3091
4856.7144,471000.0000,1506941.3322
4856.7144,471000.0000,1541229.7356
4859.8791,472000.0000,1535624.6040
4859.8791,472000.0000,1528237.5878
4859.8791,472000.0000,1526925.4204
4859.8791,472000.0000,1538151.7412
4859.8791,472000.0000,1526633.8277
4859.8791,472000.0000,1527217.0132
4859.8791,472000.0000,1555841.7012
4859.8791,472000.0000,1580189.6956
4859.8791,472000.0000,1580870.0786
4862.9195,473000.0000,1599462.8410
4862.9195,473000.0000,1599171.0659
